names,ids,types,grade,director,addr,actor,year,comment
肖申克的救赎,1292052,犯罪 / 剧情,9.7,弗兰克·德拉邦特,美国,蒂姆·罗宾斯 / 摩根·弗里曼 / 鲍勃·冈顿,20世纪90年代,3093026
霸王别姬,1291546,剧情 / 爱情 / 同性,9.6,陈凯歌,中国大陆/中国香港,张国荣 / 张丰毅 / 巩俐,20世纪90年代,2282672
美丽人生,1292063,剧情 / 喜剧 / 爱情 / 战争,9.5,罗伯托·贝尼尼,意大利,罗伯托·贝尼尼 / 尼可莱塔·布拉斯基 / 乔治·坎塔里尼,20世纪90年代,1406593
辛德勒的名单,1295124,剧情 / 历史 / 战争,9.5,史蒂文·斯皮尔伯格,美国,连姆·尼森 / 本·金斯利 / 拉尔夫·费因斯,20世纪90年代,1189041
控方证人,1296141,剧情 / 犯罪 / 悬疑 / 惊悚,9.6,比利·怀尔德,美国,泰隆·鲍华 / 玛琳·黛德丽 / 查尔斯·劳顿,20世纪50年代,642247
阿甘正传,1292720,剧情 / 爱情,9.5,罗伯特·泽米吉斯,美国,汤姆·汉克斯 / 罗宾·怀特 / 加里·辛尼斯,20世纪90年代,2302033
茶馆,1461403,剧情 / 历史,9.6,谢添,中国大陆,于是之 / 郑榕 / 蓝天野,20世纪80年代,180376
背靠背，脸对脸,1307856,剧情,9.5,黄建新 / 杨亚洲,中国大陆/中国香港,牛振华 / 雷恪生 / 李强,20世纪90年代,159138
高山下的花环,1422283,剧情 / 战争,9.5,谢晋,中国大陆,吕晓禾 / 唐国强 / 何伟,20世纪80年代,126494
福尔摩斯二世,1303408,喜剧 / 动作 / 爱情,9.4,巴斯特·基顿,美国,巴斯特·基顿 / 凯瑟琳·麦奎尔 / 乔·基顿,20世纪20年代,30499
这个杀手不太冷,1295644,剧情 / 动作 / 犯罪,9.4,吕克·贝松,法国/美国,让·雷诺 / 娜塔莉·波特曼 / 加里·奥德曼,20世纪90年代,2440064
泰坦尼克号,1292722,剧情 / 爱情 / 灾难,9.5,詹姆斯·卡梅隆,美国/墨西哥,莱昂纳多·迪卡普里奥 / 凯特·温斯莱特 / 比利·赞恩,20世纪90年代,2343107
盗梦空间,3541415,剧情 / 科幻 / 悬疑 / 冒险,9.4,克里斯托弗·诺兰,美国/英国,莱昂纳多·迪卡普里奥 / 约瑟夫·高登-莱维特 / 艾利奥特·佩吉,21世纪10年代,2201366
星际穿越,1889243,剧情 / 科幻 / 冒险,9.4,克里斯托弗·诺兰,美国/英国/加拿大,马修·麦康纳 / 安妮·海瑟薇 / 杰西卡·查斯坦,21世纪10年代,2015193
忠犬八公的故事,3011091,剧情,9.4,拉斯·霍尔斯道姆,美国/英国,理查·基尔 / 莎拉·罗默尔 / 琼·艾伦,21世纪00年代,1471885
十二怒汉,1293182,剧情,9.4,西德尼·吕美特,美国,亨利·方达 / 马丁·鲍尔萨姆 / 约翰·菲德勒,20世纪50年代,538485
灿烂人生,1291831,剧情 / 爱情 / 家庭,9.3,马可·图利奥·吉奥达纳,意大利,路易吉·洛·卡肖 / 阿莱西奥·博尼 / 索尼娅·贝加马斯科,21世纪00年代,78532
控方证人,5294851,剧情 / 犯罪 / 悬疑,9.4,艾伦·吉布森,美国/英国,拉尔夫·理查德森 / 黛博拉·蔻儿 / 博·布里奇斯,20世纪80年代,89824
切腹,1304920,剧情 / 动作 / 悬疑,9.4,小林正树,日本,仲代达矢 / 石浜朗 / 岩下志麻,20世纪60年代,51097
海上钢琴师,1292001,剧情 / 音乐,9.3,朱塞佩·托纳多雷,意大利,蒂姆·罗斯 / 普路特·泰勒·文斯 / 比尔·努恩,20世纪90年代,1786181
楚门的世界,1292064,剧情 / 科幻,9.4,彼得·威尔,美国,金·凯瑞 / 劳拉·琳妮 / 艾德·哈里斯,20世纪90年代,1873292
熔炉,5912992,剧情,9.3,黄东赫,韩国,孔刘 / 郑裕美 / 金贤秀,21世纪10年代,988598
横空出世,1464526,剧情 / 历史,9.4,陈国星,中国大陆,李雪健 / 李幼斌 / 高明,20世纪90年代,98019
无间道,1307914,剧情 / 犯罪 / 惊悚,9.3,刘伟强 / 麦兆辉,中国香港,刘德华 / 梁朝伟 / 黄秋生,21世纪00年代,1470493
放牛班的春天,1291549,剧情 / 音乐,9.3,克里斯托夫·巴哈蒂,法国/瑞士/德国,让-巴蒂斯特·莫尼耶 / 热拉尔·朱尼奥 / 弗朗索瓦·贝莱昂,21世纪00年代,1397940
触不可及,6786002,剧情 / 喜剧,9.3,奥利维埃·纳卡什 / 埃里克·托莱达诺,法国,弗朗索瓦·克鲁塞 / 奥玛·希 / 安娜·勒尼,21世纪10年代,1211718
教父,1291841,剧情 / 犯罪,9.3,弗朗西斯·福特·科波拉,美国,马龙·白兰度 / 阿尔·帕西诺 / 詹姆斯·肯恩,20世纪70年代,1039992
末代皇帝,1293172,剧情 / 传记 / 历史,9.3,贝纳尔多·贝托鲁奇,英国/意大利/中国大陆/法国,尊龙 / 陈冲 / 邬君梅,20世纪80年代,962213
活着,1292365,剧情 / 历史 / 家庭,9.3,张艺谋,中国大陆/中国香港,葛优 / 巩俐 / 姜武,20世纪90年代,913776
指环王3：王者无敌,1291552,剧情 / 动作 / 奇幻 / 冒险,9.3,彼得·杰克逊,美国/新西兰,伊利亚·伍德 / 西恩·奥斯汀 / 维果·莫腾森,21世纪00年代,859855
乱世佳人,1300267,剧情 / 历史 / 爱情 / 战争,9.3,维克多·弗莱明 / 乔治·库克 / 山姆·伍德,美国,费雯·丽 / 克拉克·盖博 / 奥利维娅·德哈维兰,20世纪30年代,741712
素媛,21937452,剧情,9.3,李濬益,韩国,薛景求 / 严志媛 / 李来,21世纪10年代,735718
鬼子来了,1291858,剧情 / 喜剧,9.3,姜文,中国大陆,姜文 / 香川照之 / 袁丁,21世纪00年代,673067
钢琴家,1296736,剧情 / 传记 / 战争 / 音乐,9.3,罗曼·波兰斯基,英国/法国/波兰/德国/美国,阿德里安·布罗迪 / 托马斯·克莱舒曼 / 艾米莉娅·福克斯,21世纪00年代,699832
海蒂和爷爷,25958717,剧情 / 冒险 / 家庭,9.3,阿兰·葛斯彭纳,德国/瑞士,阿努克·斯特芬 / 布鲁诺·冈茨 / 昆林·艾格匹,21世纪10年代,702843
教父2,1299131,剧情 / 犯罪,9.3,弗朗西斯·福特·科波拉,美国,阿尔·帕西诺 / 罗伯特·杜瓦尔 / 黛安·基顿,20世纪70年代,597886
摩登时代,1294371,剧情 / 喜剧 / 爱情,9.3,查理·卓别林,美国,查理·卓别林 / 宝莲·高黛 / 亨利·伯格曼,20世纪30年代,325944
七武士,1295399,动作 / 冒险 / 剧情,9.3,黑泽明,日本,三船敏郎 / 志村乔 / 津岛惠子,20世纪50年代,216323
城市之光,1293908,喜剧 / 剧情 / 爱情,9.3,查理·卓别林,美国,查理·卓别林 / 弗吉尼亚·切瑞尔 / 佛罗伦斯·李,20世纪30年代,160470
生活多美好,1293749,剧情 / 爱情 / 奇幻,9.3,弗兰克·卡普拉,美国,詹姆斯·斯图尔特 / 唐娜·里德 / 莱昂纳尔·巴里摩尔,20世纪40年代,108012
南海十三郎,1303913,剧情 / 传记 / 爱情,9.3,高志森,中国香港,谢君豪 / 潘灿良 / 苏玉华,20世纪90年代,91221
哀乐中年,4719384,剧情 / 爱情 / 家庭,9.3,桑弧,中国大陆,石挥 / 朱嘉琛 / 沈扬,20世纪40年代,21941
三傻大闹宝莱坞,3793023,剧情 / 喜剧 / 爱情 / 歌舞,9.2,拉吉库马尔·希拉尼,印度,阿米尔·汗 / 卡琳娜·卡普尔 / 马达范,21世纪00年代,1970762
大话西游之大圣娶亲,1292213,喜剧 / 爱情 / 奇幻 / 古装,9.2,刘镇伟,中国香港/中国大陆,周星驰 / 吴孟达 / 朱茵,20世纪90年代,1624120
当幸福来敲门,1849031,剧情 / 传记 / 家庭,9.2,加布里埃莱·穆奇诺,美国,威尔·史密斯 / 贾登·史密斯 / 坦迪·牛顿,21世纪00年代,1609266
蝙蝠侠：黑暗骑士,1851857,剧情 / 动作 / 科幻 / 犯罪 / 惊悚,9.2,克里斯托弗·诺兰,美国/英国,克里斯蒂安·贝尔 / 希斯·莱杰 / 艾伦·艾克哈特,21世纪00年代,1133307
指环王2：双塔奇兵,1291572,剧情 / 动作 / 奇幻 / 冒险,9.2,彼得·杰克逊,美国/新西兰,伊利亚·伍德 / 西恩·奥斯汀 / 多米尼克·莫纳汉,21世纪00年代,808312
死亡诗社,1291548,剧情,9.2,彼得·威尔,美国,罗宾·威廉姆斯 / 罗伯特·肖恩·莱纳德 / 伊桑·霍克,20世纪80年代,807943
天堂电影院,1291828,剧情 / 爱情,9.2,朱塞佩·托纳多雷,意大利/法国,菲利普·努瓦雷 / 萨瓦特利·卡西欧 / 雅克·贝汉,20世纪80年代,712595
饮食男女,1291818,剧情 / 家庭,9.2,李安,中国台湾/美国,郎雄 / 杨贵媚 / 吴倩莲,20世纪90年代,672409
辩护人,21937445,剧情,9.2,杨宇硕,韩国,宋康昊 / 金英爱 / 吴达洙,21世纪10年代,629034
窃听风暴,1900841,剧情 / 悬疑,9.2,弗洛里安·亨克尔·冯·多纳斯马尔克,德国,乌尔里希·穆埃 / 马蒂娜·格德克 / 塞巴斯蒂安·科赫,21世纪00年代,603618
穿条纹睡衣的男孩,3008247,剧情 / 战争,9.2,马克·赫尔曼,英国/美国,阿萨·巴特菲尔德 / 维拉·法米加 / 卡拉·霍根,21世纪00年代,609106
美国往事,1292262,犯罪 / 剧情,9.1,赛尔乔·莱昂内,美国/意大利,罗伯特·德尼罗 / 詹姆斯·伍兹 / 伊丽莎白·麦戈文,20世纪80年代,445558
小鞋子,1303021,剧情 / 儿童 / 家庭,9.2,马基德·马基迪,伊朗,默罕默德·阿米尔·纳吉 / 法拉赫阿米尔·哈什米安 / 巴哈丽·西迪奇,20世纪90年代,439650
忠犬八公物语,1959195,剧情,9.2,神山征二郎,日本,仲代达矢 / 八千草薰 / 柳叶敏郎,20世纪80年代,208598
芙蓉镇,1297880,剧情 / 爱情,9.3,谢晋,中国大陆,刘晓庆 / 姜文 / 郑在石,20世纪80年代,165932
黄金三镖客,1401118,冒险 / 西部,9.3,赛尔乔·莱昂内,意大利/西班牙/西德,克林特·伊斯特伍德 / 伊莱·瓦拉赫 / 李·范·克里夫,20世纪60年代,132355
沉静如海,1769507,剧情 / 爱情 / 战争,9.1,皮埃尔·布特龙,法国/比利时,朱莉·德拉姆 / 米歇尔·加拉布吕 / 托马斯·儒阿特,21世纪00年代,105100
大独裁者,1295646,喜剧 / 剧情 / 战争,9.2,查理·卓别林,美国,查理·卓别林 / 宝莲·高黛 / 杰克·奥克,20世纪40年代,86943
无间道(正序版),4860078,剧情 / 犯罪,9.2,刘伟强 / 麦兆辉,中国香港,刘德华 / 梁朝伟 / 黎明,21世纪00年代,81584
地下,1292206,剧情 / 战争,9.2,埃米尔·库斯图里卡,南斯拉夫/法国/德国/保加利亚/捷克/匈牙利/英国/美国,米基·马诺伊洛维奇 / 拉扎尔·里斯托夫斯基 / 米里亚娜·约科维奇,20世纪90年代,75195
淘金记,1298817,喜剧 / 爱情 / 西部 / 冒险,9.2,查理·卓别林,美国,查理·卓别林 / 马克·斯旺 / 汤姆·默里,20世纪20年代,64015
洞,1424334,犯罪 / 剧情 / 惊悚,9.2,雅克·贝克,法国/意大利,马克·米歇尔 / 吉恩·凯乐蒂 / 菲利普·勒鲁瓦,20世纪60年代,57023
你逃我也逃,1303418,喜剧 / 爱情 / 战争,9.2,恩斯特·刘别谦,美国,卡洛·朗白 / 杰克·本尼 / 罗伯特·斯塔克,20世纪40年代,54199
寻子遇仙记,1293270,剧情 / 喜剧 / 家庭,9.2,查理·卓别林,美国,查理·卓别林 / 卡尔米勒 / 艾德娜·珀薇安丝,20世纪20年代,48135
天堂回信,1418076,剧情 / 儿童,9.2,王君正,中国大陆,石晨 / 李丁 / 肖雄,20世纪90年代,49474
生之欲,1293847,剧情,9.3,黑泽明,日本,志村乔 / 日守新一 / 田中春男,20世纪50年代,48240
十二怒汉,1293989,剧情 / 犯罪,9.3,威廉·弗莱德金,美国,考特尼·万斯 / 奥西·戴维斯 / 乔治·C·斯科特,20世纪90年代,36933
马戏团,1299628,喜剧 / 爱情,9.2,查理·卓别林,美国,查理·卓别林 / 阿尔·欧内斯特·加西亚 / 梅尔纳·肯尼迪,20世纪20年代,26363
无言的山丘,1298944,剧情 / 历史,9.2,王童,中国台湾,杨贵媚 / 黄品源 / 澎恰恰,20世纪90年代,31456
革命往事,1301026,冒险 / 战争 / 西部,9.1,赛尔乔·莱昂内,意大利,罗德·斯泰格尔 / 詹姆斯·柯本 / 罗慕洛·瓦利,20世纪70年代,23954
剃头匠,3097352,剧情 / 传记,9.2,哈斯朝鲁,中国大陆,靖奎,21世纪00年代,20696
怦然心动,3319755,剧情 / 喜剧 / 爱情,9.1,罗伯·莱纳,美国,玛德琳·卡罗尔 / 卡兰·麦克奥利菲 / 瑞贝卡·德·莫妮,21世纪10年代,1948482
少年派的奇幻漂流,1929463,剧情 / 奇幻 / 冒险,9.1,李安,美国/中国台湾/英国/加拿大,苏拉·沙玛 / 伊尔凡·可汗 / 拉菲·斯波,21世纪10年代,1424392
何以为家,30170448,剧情,9.1,娜丁·拉巴基,黎巴嫩/美国/法国/塞浦路斯/卡塔尔/英国,赞恩·阿尔·拉菲亚 / 约丹诺斯·希费罗 / 博鲁瓦蒂夫·特雷杰·班科尔,21世纪10年代,1112099
罗马假日,1293839,喜剧 / 剧情 / 爱情,9.1,威廉·惠勒,美国,奥黛丽·赫本 / 格利高里·派克 / 埃迪·艾伯特,20世纪50年代,1001569
闻香识女人,1298624,剧情,9.1,马丁·布莱斯特,美国,阿尔·帕西诺 / 克里斯·奥唐纳 / 詹姆斯·瑞布霍恩,20世纪90年代,961773
指环王1：护戒使者,1291571,剧情 / 动作 / 奇幻 / 冒险,9.1,彼得·杰克逊,新西兰/美国,伊利亚·伍德 / 西恩·奥斯汀 / 伊恩·麦克莱恩,21世纪00年代,906948
黑客帝国,1291843,动作 / 科幻,9.1,莉莉·沃卓斯基 / 拉娜·沃卓斯基,美国,基努·里维斯 / 劳伦斯·菲什伯恩 / 凯瑞-安·莫斯,20世纪90年代,894906
美丽心灵,1306029,传记 / 剧情,9.1,朗·霍华德,美国,罗素·克劳 / 艾德·哈里斯 / 詹妮弗·康纳利,21世纪00年代,817583
拯救大兵瑞恩,1292849,剧情 / 战争,9.1,史蒂文·斯皮尔伯格,美国,汤姆·汉克斯 / 汤姆·塞兹摩尔 / 爱德华·伯恩斯,20世纪90年代,689077
音乐之声,1294408,剧情 / 传记 / 爱情 / 歌舞,9.1,罗伯特·怀斯,美国,朱莉·安德鲁斯 / 克里斯托弗·普卢默 / 埃琳诺·帕克,20世纪60年代,646241
两杆大烟枪,1293350,剧情 / 喜剧 / 犯罪,9.1,盖·里奇,英国,杰森·弗莱明 / 德克斯特·弗莱彻 / 尼克·莫兰,20世纪90年代,639237
飞越疯人院,1292224,剧情,9.1,米洛斯·福尔曼,美国,杰克·尼科尔森 / 丹尼·德维托 / 克里斯托弗·洛伊德,20世纪70年代,578619
狩猎,6985810,剧情,9.1,托马斯·温特伯格,丹麦/瑞典,麦斯·米科尔森 / 托玛斯·博·拉森 / 安妮卡·韦德科普,21世纪10年代,432158
一一,1292434,剧情 / 爱情 / 家庭,9.1,杨德昌,中国台湾/日本,吴念真 / 李凯莉 / 金燕玲,21世纪00年代,448534
无人知晓,1292337,剧情,9.1,是枝裕和,日本,柳乐优弥 / 北浦爱 / 木村飞影,21世纪00年代,351512
完美的世界,1300992,剧情 / 犯罪,9.1,克林特·伊斯特伍德,美国,凯文·科斯特纳 / 劳拉·邓恩 / 克林特·伊斯特伍德,20世纪90年代,340960
雨中曲,1293460,喜剧 / 歌舞 / 爱情,9.1,斯坦利·多南 / 吉恩·凯利,美国,吉恩·凯利 / 唐纳德·奥康纳 / 黛比·雷诺斯,20世纪50年代,249089
东京物语,1291568,剧情 / 家庭,9.1,小津安二郎,日本,笠智众 / 原节子 / 杉村春子,20世纪50年代,148222
莫娣,25938803,剧情 / 传记 / 爱情,9.1,艾斯林·沃什,爱尔兰/加拿大,莎莉·霍金斯 / 伊桑·霍克 / 卡瑞·玛切特,21世纪10年代,148937
城南旧事,1300894,剧情,9.1,吴贻弓,中国大陆,沈洁 / 张丰毅 / 张闽,20世纪80年代,138497
偷自行车的人,1295873,犯罪 / 剧情,9.1,维托里奥·德西卡,意大利,兰贝托·马乔拉尼 / 恩佐·斯泰奥拉 / 莉安拉·卡雷尔,20世纪40年代,114560
爱·回家,1299361,剧情 / 家庭,9.0,李廷香,韩国,金艺芬 / 俞承豪 / 童孝熙,21世纪00年代,92581
大都会,1298107,剧情 / 科幻,9.1,弗里茨·朗,德国,阿弗莱德·阿贝尔 / 古斯塔夫·佛力施 / 鲁道夫·克莱恩-鲁格,20世纪20年代,55050
影武者,1303067,剧情 / 历史 / 战争,9.1,黑泽明,日本/美国,仲代达矢 / 山崎努 / 萩原健一,20世纪80年代,78538
光荣之路,1292969,剧情 / 战争,9.1,斯坦利·库布里克,美国,柯克·道格拉斯 / 拉尔夫·米克 / 阿道夫·门吉欧,20世纪50年代,59728
从海底出击,1293909,剧情 / 历史 / 战争 / 冒险,9.1,沃尔夫冈·彼德森,西德,尤尔根·普洛斯诺 / 赫贝特·格勒内梅厄 / Klaus Wennemann,20世纪80年代,46625
乡愁,1291556,剧情,9.1,安德烈·塔可夫斯基,苏联/意大利,奥列格·扬科夫斯基 / 厄兰·约瑟夫森 / 多米齐亚娜·焦尔达诺,20世纪80年代,49247
卡比利亚之夜,1294781,剧情,9.1,费德里科·费里尼,意大利/法国,朱丽叶塔·马西纳 / 弗朗索瓦·佩里埃 / 弗兰卡·马尔齐,20世纪50年代,46103
永恒和一日,1293455,剧情,9.1,西奥·安哲罗普洛斯,法国/意大利/希腊/德国,布鲁诺·冈茨 / 伊莎贝拉·雷纳德 / 法布里齐奥·本蒂沃利奥,20世纪90年代,45351
神女,1302210,剧情,9.1,吴永刚,中国大陆,阮玲玉 / 黎铿 / 章志直,20世纪30年代,38874
熊的故事,1300334,剧情,9.1,让-雅克·阿诺,法国/美国,巴特熊 / 约克熊 / 切基·卡尤,20世纪80年代,30012
将军号,1292778,剧情 / 喜剧 / 动作 / 战争 / 冒险,9.1,巴斯特·基顿 / 克莱德·布鲁克曼,美国,巴斯特·基顿 / 玛丽昂·马克 / 格伦·卡文德,20世纪20年代,32482
鳄鱼波鞋走天涯,1301811,剧情 / 冒险,9.1,彼得·霍顿,美国,布拉德·兰弗洛 / 埃里克·伊根 / Delphine French,20世纪90年代,44608
流浪者之歌,1303525,喜剧 / 犯罪 / 剧情 / 奇幻,9.1,埃米尔·库斯图里卡,意大利/英国/南斯拉夫,达沃尔·杜伊莫维奇 / 博拉·托德洛维奇 / 柳比察·阿德若维奇,20世纪80年代,23151
士兵之歌,1295614,剧情 / 爱情 / 战争,9.1,格利高利·丘赫莱依,苏联,弗拉迪米尔·伊瓦绍夫 / 然娜·普罗霍连科 / 安东宁娜·马克西莫娃,20世纪50年代,16680
情迷意乱,1422091,剧情 / 爱情 / 家庭,9.1,成濑巳喜男,日本,高峰秀子 / 加山雄三 / 草笛光子,20世纪60年代,15395
我不是药神,26752088,剧情 / 喜剧,9.0,文牧野,中国大陆,徐峥 / 王传君 / 周一围,21世纪10年代,2236720
让子弹飞,3742360,剧情 / 喜剧 / 动作 / 西部,9.0,姜文,中国大陆/中国香港,姜文 / 葛优 / 周润发,21世纪10年代,1816421
摔跤吧！爸爸,26387939,剧情 / 传记 / 运动 / 家庭,9.0,涅提·蒂瓦里,印度,阿米尔·汗 / 法缇玛·萨那·纱卡 / 桑亚·玛荷塔,21世纪10年代,1660514
大话西游之月光宝盒,1299398,喜剧 / 爱情 / 奇幻 / 古装,9.0,刘镇伟,中国香港/中国大陆,周星驰 / 吴孟达 / 罗家英,20世纪90年代,1293663
本杰明·巴顿奇事,1485260,剧情 / 爱情 / 奇幻,9.0,大卫·芬奇,美国,凯特·布兰切特 / 布拉德·皮特 / 朱莉娅·奥蒙德,21世纪00年代,1050087
搏击俱乐部,1292000,剧情 / 动作 / 悬疑 / 惊悚,9.0,大卫·芬奇,美国,爱德华·诺顿 / 布拉德·皮特 / 海伦娜·伯翰·卡特,20世纪90年代,911210
哈利·波特与死亡圣器(下),3011235,奇幻 / 冒险,9.0,大卫·叶茨,美国/英国,丹尼尔·雷德克里夫 / 艾玛·沃森 / 鲁伯特·格林特,21世纪10年代,907101
春光乍泄,1292679,剧情 / 爱情 / 同性,9.0,王家卫,中国香港/日本/韩国,张国荣 / 梁朝伟 / 张震,20世纪90年代,675065
超脱,5322596,剧情,9.0,托尼·凯耶,美国,阿德里安·布罗迪 / 马西娅·盖伊·哈登 / 詹姆斯·肯恩,21世纪10年代,671279
教父3,1294240,剧情 / 犯罪,9.0,弗朗西斯·福特·科波拉,美国,阿尔·帕西诺 / 黛安·基顿 / 塔莉娅·夏尔,20世纪90年代,405612
喜宴,1303037,剧情 / 喜剧 / 爱情 / 同性 / 家庭,9.0,李安,中国台湾/美国,赵文瑄 / 归亚蕾 / 郎雄,20世纪90年代,399001
我是山姆,1306861,剧情 / 家庭,9.0,杰茜·尼尔森,美国,西恩·潘 / 达科塔·范宁 / 米歇尔·菲佛,21世纪00年代,359491
上帝之城,1292208,犯罪 / 剧情,9.0,费尔南多·梅里尔斯 / 卡迪亚·兰德,巴西/法国,亚历桑德雷·罗德里格斯 / 莱安德鲁·菲尔米诺 / 菲利佩·哈根森,21世纪00年代,319179
惊魂记,1293181,悬疑 / 惊悚 / 恐怖,9.0,阿尔弗雷德·希区柯克,美国,安东尼·博金斯 / 维拉·迈尔斯 / 约翰·加文,20世纪60年代,329061
我爱你,5908478,剧情 / 爱情,9.0,秋昌民,韩国,宋在浩 / 李顺载 / 尹秀晶,21世纪10年代,171709
楢山节考,1296703,剧情 / 家庭,9.0,今村昌平,日本,绪形拳 / 坂本澄子 / 左顿平,20世纪80年代,65927
用心棒,1292515,剧情 / 动作 / 惊悚,9.0,黑泽明,日本,三船敏郎 / 仲代达矢 / 司叶子,20世纪60年代,57652
雾中风景,1294252,剧情,9.0,西奥·安哲罗普洛斯,希腊/法国/意大利,米哈利斯·齐克 / 塔尼娅·帕拉依奥罗葛 / 斯特拉托斯·楚措格卢,20世纪80年代,52745
镜子,1299248,传记 / 剧情 / 历史 / 战争,9.0,安德烈·塔可夫斯基,苏联,玛格丽特·捷列霍娃 / 因诺肯季·斯莫克图诺夫斯基 / 奥列格·扬科夫斯基,20世纪70年代,48018
我是,1763905,剧情,8.9,多罗塔·肯杰扎夫斯卡,波兰,Piotr Jagielski / Agnieszka Nagórzycka / Edyta Jungowska,21世纪00年代,13489
情书,1292220,剧情 / 爱情,8.9,岩井俊二,日本,中山美穗 / 丰川悦司 / 酒井美纪,20世纪90年代,1210758
蝴蝶效应,1292343,剧情 / 悬疑 / 科幻 / 惊悚,8.9,埃里克·布雷斯 / J·麦基·格鲁伯,美国/加拿大,阿什顿·库彻 / 梅洛拉·沃尔特斯 / 艾米·斯马特,21世纪00年代,1007408
沉默的羔羊,1293544,剧情 / 犯罪 / 惊悚,8.9,乔纳森·戴米,美国,朱迪·福斯特 / 安东尼·霍普金斯 / 斯科特·格伦,20世纪90年代,959893
致命魔术,1780330,剧情 / 悬疑 / 惊悚,8.9,克里斯托弗·诺兰,英国/美国,休·杰克曼 / 克里斯蒂安·贝尔 / 迈克尔·凯恩,21世纪00年代,918358
低俗小说,1291832,剧情 / 喜剧 / 犯罪,8.9,昆汀·塔伦蒂诺,美国,约翰·特拉沃尔塔 / 乌玛·瑟曼 / 阿曼达·普拉莫,20世纪90年代,902691
被嫌弃的松子的一生,1787291,剧情 / 歌舞,8.8,中岛哲也,日本,中谷美纪 / 永山瑛太 / 香川照之,21世纪00年代,742932
心灵捕手,1292656,剧情,9.0,格斯·范·桑特,美国,马特·达蒙 / 罗宾·威廉姆斯 / 本·阿弗莱克,20世纪90年代,774149
入殓师,2149806,剧情,8.9,泷田洋二郎,日本,本木雅弘 / 广末凉子 / 山崎努,21世纪00年代,712911
阳光灿烂的日子,1291875,剧情 / 爱情,8.8,姜文,中国大陆/中国香港,夏雨 / 宁静 / 陶虹,20世纪90年代,657471
菊次郎的夏天,1293359,剧情 / 喜剧,8.9,北野武,日本,北野武 / 关口雄介 / 岸本加世子,20世纪90年代,640842
勇敢的心,1294639,动作 / 传记 / 剧情 / 历史 / 战争,8.9,梅尔·吉布森,美国,梅尔·吉布森 / 苏菲·玛索 / 布莱恩·考克斯,20世纪90年代,584235
第六感,1297630,剧情 / 悬疑 / 惊悚,8.9,M·奈特·沙马兰,美国,布鲁斯·威利斯 / 海利·乔·奥斯蒙 / 托妮·科莱特,20世纪90年代,600318
7号房的礼物,10777687,剧情 / 喜剧 / 家庭,8.9,李焕庆,韩国,柳承龙 / 朴信惠 / 郑镇荣,21世纪10年代,593141
爱在日落黄昏时,1291990,剧情 / 爱情,8.9,理查德·林克莱特,美国/法国,伊桑·霍克 / 朱莉·德尔佩 / 弗农·多布切夫,21世纪00年代,611625
甜蜜蜜,1305164,剧情 / 爱情,8.9,陈可辛,中国香港,黎明 / 张曼玉 / 杨恭如,20世纪90年代,621592
爱在午夜降临前,10808442,剧情 / 爱情,8.9,理查德·林克莱特,美国/希腊,伊桑·霍克 / 朱莉·德尔佩 / 肖姆斯·戴维-菲茨帕特里克,21世纪10年代,441480
卢旺达饭店,1291822,剧情 / 传记 / 历史 / 战争,8.9,特瑞·乔治,英国/南非/意大利/美国,唐·钱德尔 / 苏菲·奥康内多 / 华金·菲尼克斯,21世纪00年代,351465
绿里奇迹,1300374,犯罪 / 剧情 / 奇幻 / 悬疑,8.9,弗兰克·德拉邦特,美国,汤姆·汉克斯 / 大卫·摩斯 / 迈克·克拉克·邓肯,20世纪90年代,363299
牯岭街少年杀人事件,1292329,剧情 / 犯罪,8.9,杨德昌,中国台湾,张震 / 杨静怡 / 张国柱,20世纪90年代,337949
虎口脱险,1296909,喜剧 / 战争,8.9,热拉尔·乌里,法国/英国,路易·德·菲奈斯 / 布尔维尔 / 克劳迪奥·布鲁克,20世纪60年代,278164
地球上的星星,2363506,剧情 / 儿童 / 家庭,8.9,阿米尔·汗,印度,达席尔·萨法瑞 / 阿米尔·汗 / 塔奈·切赫达,21世纪00年代,210620
追随,1397546,犯罪 / 悬疑 / 惊悚,8.9,克里斯托弗·诺兰,英国,杰里米·西奥伯德 / 亚历克斯·霍 / 露西·拉塞尔,20世纪90年代,194280
勇士,3217169,剧情 / 运动 / 家庭,8.9,加文·欧康诺,美国,汤姆·哈迪 / 乔尔·埃哲顿 / 尼克·诺特,21世纪10年代,170185
伴我同行,1292925,剧情 / 儿童 / 冒险,8.9,罗伯·莱纳,美国,瑞凡·菲尼克斯 / 威尔·惠顿 / 科里·费尔德曼,20世纪80年代,116677
赛德克·巴莱(上)：太阳旗,10450409,剧情 / 历史 / 战争,8.9,魏德圣,中国台湾,林庆台 / 游大庆 / 马志翔,21世纪10年代,109866
奇爱博士,1322848,剧情 / 喜剧 / 战争,8.9,斯坦利·库布里克,美国/英国,彼得·塞勒斯 / 乔治·C·斯科特 / 斯特林·海登,20世纪60年代,109735
乱,1296196,剧情 / 动作,8.9,黑泽明,日本/法国,仲代达矢 / 寺尾聪 / 根津甚八,20世纪80年代,98696
与狼共舞,1293764,剧情 / 西部 / 冒险,8.9,凯文·科斯特纳,美国/英国,凯文·科斯特纳 / 玛丽·麦克唐纳 / 格雷厄姆·格林,20世纪90年代,86011
悲情城市,1294194,剧情 / 历史,9.0,侯孝贤,中国台湾,梁朝伟 / 辛树芬 / 陈松勇,20世纪80年代,121111
自闭历程,3236904,剧情 / 传记,8.9,米克·杰克逊,美国,克莱尔·丹尼斯 / 朱莉娅·奥蒙德 / 凯瑟琳·欧哈拉,21世纪10年代,71211
热情如火,1292574,喜剧,8.9,比利·怀尔德,美国,玛丽莲·梦露 / 托尼·柯蒂斯 / 杰克·莱蒙,20世纪50年代,75640
童年往事,1300572,剧情 / 传记 / 家庭,8.9,侯孝贤,中国台湾,游安顺 / 田丰 / 梅芳,20世纪80年代,70845
伴你高飞,1292642,冒险 / 剧情 / 家庭,8.8,卡罗尔·巴拉德,美国,杰夫·丹尼尔斯 / 安娜·帕奎因 / 达娜·德拉尼,20世纪90年代,60582
天佑鲍比,3154003,剧情 / 传记 / 同性,8.9,拉塞尔·穆卡希,美国,西格妮·韦弗 / 亨利·科泽尼 / 瑞恩·凯利,21世纪00年代,49968
黄昏双镖客,1295586,西部,8.9,赛尔乔·莱昂内,意大利/西班牙/西德,克林特·伊斯特伍德 / 李·范·克里夫 / 吉安·马里亚·沃隆特,20世纪60年代,57740
女人，四十,1308162,剧情 / 家庭,8.9,许鞍华,中国香港,萧芳芳 / 乔宏 / 罗家英,20世纪90年代,58685
大路,1292719,剧情,8.9,费德里科·费里尼,意大利,安东尼·奎恩 / 朱丽叶塔·马西纳 / 理查德·贝斯哈特,20世纪50年代,49509
听见天堂,2078398,剧情,8.8,克里斯提诺·波顿,意大利,Francesco Campobasso / 卢卡·卡波里提 / 马可·科奇,21世纪00年代,37009
卡里加里博士的小屋,1292547,犯罪 / 悬疑 / 恐怖,8.9,罗伯特·维内,德国,维尔纳·克劳斯 / 康拉德·韦特 / 弗里德里希·费赫尔,20世纪20年代,31209
我的父亲，我的儿子,1793200,剧情 / 家庭,8.9,查恩·厄尔马克,土耳其,切邓·泰肯多尔 / 菲克雷特·库斯坎 / 休姆拉,21世纪00年代,20547
乌龟也会飞,1400935,剧情 / 战争,8.8,巴赫曼·戈巴迪,伊朗/法国/伊拉克,索兰易卜拉欣 / 阿瓦兹拉蒂夫 / 萨达姆侯赛因费塞尔,21世纪00年代,11284
阿凡达,1652587,动作 / 科幻 / 冒险,8.8,詹姆斯·卡梅隆,美国,萨姆·沃辛顿 / 佐伊·索尔达娜 / 西格妮·韦弗,21世纪00年代,1501506
七宗罪,1292223,剧情 / 犯罪 / 悬疑 / 惊悚,8.8,大卫·芬奇,美国,摩根·弗里曼 / 布拉德·皮特 / 凯文·史派西,20世纪90年代,1002350
重庆森林,1291999,剧情 / 爱情,8.8,王家卫,中国香港,林青霞 / 金城武 / 梁朝伟,20世纪90年代,872578
告白,4268598,剧情 / 悬疑,8.8,中岛哲也,日本,松隆子 / 冈田将生 / 木村佳乃,21世纪10年代,710330
爱在黎明破晓前,1296339,剧情 / 爱情,8.8,理查德·林克莱特,美国/奥地利/瑞士,伊桑·霍克 / 朱莉·德尔佩 / 安德莉亚·埃克特,20世纪90年代,745732
阳光姐妹淘,4917726,剧情 / 喜剧,8.8,姜炯哲,韩国,沈恩敬 / 闵孝琳 / 姜素拉,21世纪10年代,615029
大鱼,1291545,剧情 / 爱情 / 奇幻 / 冒险,8.8,蒂姆·波顿,美国,伊万·麦克格雷格 / 阿尔伯特·芬尼 / 比利·克鲁德普,21世纪00年代,600523
电锯惊魂,1417598,悬疑 / 惊悚 / 恐怖,8.7,温子仁,美国,雷·沃纳尔 / 加利·艾尔维斯 / 丹尼·格洛弗,21世纪00年代,577242
纵横四海,1295409,剧情 / 喜剧 / 动作 / 犯罪,8.8,吴宇森,中国香港,周润发 / 张国荣 / 钟楚红,20世纪90年代,453884
谍影重重3,1578507,动作 / 悬疑 / 惊悚,8.8,保罗·格林格拉斯,美国/德国/法国/英国,马特·达蒙 / 朱丽娅·斯蒂尔斯 / 大卫·斯特雷泽恩,21世纪00年代,445955
罗生门,1291879,剧情 / 犯罪 / 悬疑,8.8,黑泽明,日本,三船敏郎 / 京町子 / 森雅之,20世纪50年代,338639
燃情岁月,1295865,剧情 / 爱情 / 战争 / 西部,8.7,爱德华·兹威克,美国,布拉德·皮特 / 安东尼·霍普金斯 / 艾丹·奎因,20世纪90年代,303570
魂断蓝桥,1293964,剧情 / 爱情 / 战争,8.8,茂文·勒鲁瓦,美国,费雯·丽 / 罗伯特·泰勒 / 露塞尔·沃特森,20世纪40年代,296613
步履不停,2222996,剧情 / 家庭,8.8,是枝裕和,日本,阿部宽 / 夏川结衣 / 江原由希子,21世纪00年代,303817
一次别离,5964718,剧情 / 家庭,8.8,阿斯加·法哈蒂,伊朗/法国,佩曼·莫阿迪 / 蕾拉·哈塔米 / 萨瑞·巴亚特,21世纪10年代,256486
梦之安魂曲,1292270,剧情,8.8,达伦·阿伦诺夫斯基,美国,艾伦·伯斯汀 / 杰瑞德·莱托 / 詹妮弗·康纳利,21世纪00年代,210049
极速风流,6803494,剧情 / 传记 / 运动,8.7,朗·霍华德,英国/德国/美国,克里斯·海姆斯沃斯 / 丹尼尔·布鲁赫 / 奥利维亚·王尔德,21世纪10年代,151547
刺猬的优雅,3824274,剧情,8.8,莫娜·阿查切,法国/意大利,若西安·巴拉斯科 / 佳朗丝·勒·吉耶米克 / 伊川东吾,21世纪00年代,162467
再见我们的幼儿园,5960606,剧情 / 儿童,8.8,水田伸生,日本,芦田爱菜 / 满岛光 / 桥本智哉,21世纪10年代,116855
四百击,1300056,犯罪 / 剧情,8.9,弗朗索瓦·特吕弗,法国,让-皮埃尔·利奥德 / 克莱尔·莫里耶 / 阿尔贝·雷米,20世纪50年代,130211
沙漠之花,3430271,剧情 / 传记,8.8,雪莉·霍曼,英国/德国/奥地利/法国,莉亚·科贝德 / 莎莉·霍金斯 / 梅拉·沙尔,21世纪00年代,122680
跳出我天地,1301169,剧情 / 儿童 / 歌舞 / 家庭,8.8,史蒂芬·戴德利,英国/法国,杰米·贝尔 / 朱丽·沃特斯 / 杰米·德拉文,21世纪00年代,114828
再见列宁,1292055,剧情 / 喜剧,8.8,沃尔夫冈·贝克,德国,丹尼尔·布鲁赫 / 卡特琳·萨斯 / 丘尔潘·哈马托娃,21世纪00年代,90926
野草莓,1293071,剧情 / 爱情 / 家庭,8.8,英格玛·伯格曼,瑞典,维克多·斯约斯特洛姆 / 毕比·安德松 / 英格丽·图林,20世纪50年代,81149
日落大道,1298733,剧情 / 黑色电影,8.8,比利·怀尔德,美国,威廉·霍尔登 / 葛洛丽亚·斯旺森 / 埃里克·冯·施特罗海姆,20世纪50年代,70488
追梦赤子心,1294753,传记 / 剧情 / 运动,8.8,大卫·安斯鲍夫,美国,西恩·奥斯汀 / 乔恩·费儒 / 尼德·巴蒂,20世纪90年代,65928
上帝也疯狂2,1294490,喜剧,8.8,加美·尤伊斯,南非/博茨瓦纳,历苏 / Lena Farugia / Hans Strydom,20世纪80年代,59659
迷墙,1296157,剧情 / 动画 / 奇幻,8.7,艾伦·帕克,英国,鲍勃·吉尔道夫 / Christine Hargreaves / 詹姆斯·劳伦森,20世纪80年代,51390
开罗紫玫瑰,1292994,喜剧 / 爱情 / 奇幻,8.8,伍迪·艾伦,美国,米娅·法罗 / 杰夫·丹尼尔斯 / 丹尼·爱罗,20世纪80年代,61561
桃色公寓,1394218,爱情 / 喜剧 / 剧情,8.8,比利·怀尔德,美国,杰克·莱蒙 / 雪莉·麦克雷恩 / 弗莱德·麦克莫瑞,20世纪60年代,57024
独立时代,1304476,剧情,8.8,杨德昌,中国台湾,陈湘琪 / 王柏森 / 邓安宁,20世纪90年代,64419
伊万的童年,1294421,剧情 / 战争,8.8,安德烈·塔可夫斯基 / 爱德华·阿巴洛夫,苏联,尼古拉·布尔里亚耶夫 / 瓦连京·祖布科夫 / 叶甫盖尼·扎里科夫,20世纪60年代,50028
永远的三丁目的夕阳,1463224,剧情 / 家庭,8.8,山崎贵,日本,吉冈秀隆 / 堤真一 / 药师丸博子,21世纪00年代,41296
因父之名,1297009,传记 / 剧情,8.7,吉姆·谢里丹,爱尔兰/英国/美国,丹尼尔·戴-刘易斯 / 皮特·波斯尔思韦特 / 约翰·林奇,20世纪90年代,41447
刺杀肯尼迪,1292230,传记 / 剧情 / 历史 / 悬疑 / 惊悚,8.8,奥利佛·斯通,美国/法国,凯文·科斯特纳 / 茜茜·斯派塞克 / 汤米·李·琼斯,20世纪90年代,42619
假面,1294438,剧情 / 惊悚,8.8,英格玛·伯格曼,瑞典,毕比·安德松 / 丽芙·乌尔曼 / 玛格丽塔·克罗克,20世纪60年代,38491
爱情短片,1294570,剧情 / 爱情,8.8,克日什托夫·基耶斯洛夫斯基,波兰,格拉日娜·沙波沃夫斯卡 / 奥拉夫·卢巴申科 / 斯特凡尼亚·伊文斯卡,20世纪80年代,32696
金色池塘,1293767,剧情 / 家庭,8.8,马克·雷戴尔,英国/美国,凯瑟琳·赫本 / 亨利·方达 / 简·方达,20世纪80年代,29546
桥,1305697,动作 / 战争,8.8,哈伊鲁丁·克尔瓦瓦茨,南斯拉夫,韦利米尔·巴塔·日沃伊诺维奇 / 斯洛博丹·佩罗维奇 / 鲍里斯·德沃尔尼克,20世纪60年代,24529
邮差,1298468,传记 / 喜剧 / 剧情 / 爱情,8.8,迈克尔·莱德福 / 马西莫·特洛伊西,意大利/法国/比利时,菲利普·努瓦雷 / 马西莫·特洛伊西 / 玛丽亚·格拉齐亚·库奇诺塔,20世纪90年代,29035
办公室的故事,1302205,剧情 / 喜剧 / 爱情,8.8,埃利达尔·梁赞诺夫,苏联,阿丽萨·弗雷因德利赫 / 安德烈·米亚赫科夫 / 斯维特拉娜·涅墨耶娃,20世纪70年代,21826
鲁冰花,1308228,家庭 / 剧情,8.8,杨立国,中国台湾,黄坤玄 / 李淑桢 / 张瑞竹,20世纪80年代,17786
豹,1293146,剧情 / 历史 / 爱情 / 战争,8.7,卢基诺·维斯康蒂,意大利/法国,伯特·兰卡斯特 / 克劳迪娅·卡汀娜 / 阿兰·德龙,20世纪60年代,17992
我的九月,1467748,剧情 / 儿童,8.7,尹力,中国大陆,张萌 / 张国立 / 陶泽如,20世纪90年代,12371
悲惨世界,1420080,剧情,8.8,让-保罗·勒沙努瓦,法国/意大利/东德,让·迦本 / 布尔维尔 / 费尔南·勒杜,20世纪50年代,8738
剪刀手爱德华,1292370,剧情 / 爱情 / 奇幻,8.7,蒂姆·波顿,美国,约翰尼·德普 / 薇诺娜·瑞德 / 黛安·韦斯特,20世纪90年代,1084115
天使爱美丽,1292215,剧情 / 喜剧 / 爱情,8.7,让-皮埃尔·热内,法国/德国,奥黛丽·塔图 / 马修·卡索维茨 / 吕菲斯,21世纪00年代,991183
射雕英雄传之东成西就,1316510,喜剧 / 奇幻 / 武侠 / 古装,8.7,刘镇伟,中国香港,梁朝伟 / 林青霞 / 张国荣,20世纪90年代,681945
岁月神偷,3792799,剧情 / 家庭,8.7,罗启锐,中国香港/中国大陆,吴君如 / 任达华 / 钟绍图,21世纪10年代,596523
浪潮,2297265,剧情 / 惊悚,8.7,丹尼斯·甘塞尔,德国,于尔根·福格尔 / 弗雷德里克·劳 / 马克思·雷迈特,21世纪00年代,285713
卡萨布兰卡,1296753,剧情 / 爱情 / 战争,8.7,迈克尔·柯蒂兹,美国,亨弗莱·鲍嘉 / 英格丽·褒曼 / 保罗·亨雷德,20世纪40年代,233050
叫我第一名,4798888,剧情 / 传记,8.7,彼得·维纳,美国,詹姆斯·沃克 / 特里特·威廉斯 / 多米尼克·斯科特·凯伊,21世纪00年代,203681
燕尾蝶,1307793,犯罪 / 剧情,8.7,岩井俊二,日本,恰拉 / 伊藤步 / 三上博史,20世纪90年代,181304
碧海蓝天,1300960,剧情 / 爱情,8.6,吕克·贝松,法国/意大利,让-马克·巴尔 / 让·雷诺 / 罗姗娜·阿奎特,20世纪80年代,149734
上帝也疯狂,1297478,喜剧,8.7,加美·尤伊斯,南非/博茨瓦纳,马瑞斯·威尔斯 / Sandra Prinsloo / 历苏,20世纪80年代,144369
蓝白红三部曲之红,1292047,剧情 / 爱情 / 悬疑,8.8,克日什托夫·基耶斯洛夫斯基,法国/波兰/瑞士,伊莲娜·雅各布 / 让-路易·特兰蒂尼昂 / 弗雷德里奎·费德,20世纪90年代,130269
中央车站,1292218,剧情,8.7,沃尔特·塞勒斯,巴西/法国,费尔南达·蒙特内格罗 / 文尼西斯·狄·奥利维拉 / 马里利娅·佩拉,20世纪90年代,112494
莫扎特传,1293399,剧情 / 传记 / 历史 / 音乐,8.7,米洛斯·福尔曼,美国/法国,F·默里·亚伯拉罕 / 汤姆·休斯克 / 伊丽莎白·贝里奇,20世纪80年代,99246
热天午后,1293374,剧情 / 喜剧 / 犯罪,8.7,西德尼·吕美特,美国,阿尔·帕西诺 / 约翰·凯泽尔 / 查尔斯·德恩,20世纪70年代,109200
精英部队2：大敌当前,4304402,剧情 / 动作 / 犯罪 / 惊悚,8.7,何塞·帕迪里亚,巴西,瓦格纳·马拉 / 安德烈·拉米罗 / 米尔黑·考塔兹,21世纪10年代,89840
斯图尔特：倒带人生,2133337,剧情,8.6,戴维·阿特伍德,英国,汤姆·哈迪 / 本尼迪克特·康伯巴奇 / George Anton,21世纪00年代,63914
小城之春,1323746,剧情 / 爱情,8.7,费穆,中国大陆,李纬 / 韦伟 / 石羽,20世纪40年代,65578
骗中骗,1292269,剧情 / 喜剧 / 犯罪,8.7,乔治·罗伊·希尔,美国,保罗·纽曼 / 罗伯特·雷德福 / 罗伯特·肖,20世纪70年代,60643
西部往事,1293394,剧情 / 犯罪 / 西部,8.7,赛尔乔·莱昂内,意大利/美国,亨利·方达 / 查尔斯·布朗森 / 克劳迪娅·卡汀娜,20世纪60年代,60345
秋刀鱼之味,1294433,剧情 / 家庭,8.6,小津安二郎,日本,笠智众 / 岩下志麻 / 冈田茉莉子,20世纪60年代,48871
战舰波将金号,1293492,剧情 / 历史 / 战争,8.7,谢尔盖·爱森斯坦,苏联,亚历山大·安东诺夫 / 弗拉迪米尔·巴斯基 / 格里高利·亚历山德罗夫,20世纪20年代,32622
晚春,1307265,剧情 / 家庭,8.6,小津安二郎,日本,笠智众 / 原节子 / 月丘梦路,20世纪40年代,27772
芬妮与亚历山大,1292784,剧情,8.7,英格玛·伯格曼,法国/瑞典/西德,克里斯蒂娜·阿道夫森 / 伯杰·阿斯特 / 佩妮娜·奥威,20世纪80年代,20966
天堂的颜色,1304406,剧情 / 家庭,8.7,马基德·马基迪,伊朗,侯赛因·马哈古 / Mohsen Ramezani / Salameh Feyzi,20世纪90年代,14077
爱犬的奇迹,2357302,剧情 / 儿童,8.7,猪股隆一,日本,船越英一郎 / 松本明子 / 广田亮平,21世纪00年代,13148
恐惧的代价,1299932,剧情 / 惊悚 / 冒险,8.6,亨利-乔治·克鲁佐,法国/意大利,伊夫·蒙当 / 夏尔·瓦内尔 / 福尔科·卢利,20世纪50年代,15311
巴比龙,1293820,剧情 / 传记 / 犯罪,8.7,富兰克林·沙夫纳,法国/美国,史蒂夫·麦奎因 / 达斯汀·霍夫曼 / 维克托·乔里,20世纪70年代,15264
神迹,1401196,剧情 / 传记,8.7,约瑟夫·萨金特,美国,艾伦·瑞克曼 / 茅斯·达夫 / 玛丽·斯图尔特·马斯特森,21世纪00年代,14710
一九零零,1300956,剧情 / 历史 / 爱情 / 战争,8.7,贝纳尔多·贝托鲁奇,意大利/法国/西德,罗伯特·德尼罗 / 热拉尔·德帕迪约 / 多米妮克·桑达,20世纪70年代,11761
英雄本色,1297574,剧情 / 动作 / 犯罪,8.6,吴宇森,中国香港,周润发 / 狄龙 / 张国荣,20世纪80年代,577540
撞车,1388216,犯罪 / 剧情,8.6,保罗·哈吉斯,美国/德国/澳大利亚,桑德拉·布洛克 / 唐·钱德尔 / 马特·狄龙,21世纪00年代,301939
海盗电台,3007773,剧情 / 喜剧 / 音乐,8.6,理查德·柯蒂斯,英国/德国/法国,比尔·奈伊 / 肯尼思·布拉纳 / 菲利普·塞默·霍夫曼,21世纪00年代,240651
大卫·戈尔的一生,1305725,剧情 / 犯罪 / 悬疑,8.6,艾伦·帕克,美国/德国/英国/西班牙,凯文·史派西 / 凯特·温斯莱特 / 劳拉·琳妮,21世纪00年代,245944
荒野生存,1905462,冒险 / 传记 / 剧情,8.6,西恩·潘,美国,埃米尔·赫斯基 / 马西娅·盖伊·哈登 / 威廉·赫特,21世纪00年代,228452
不一样的天空,1301617,剧情 / 爱情 / 家庭,8.6,拉斯·霍尔斯道姆,美国,约翰尼·德普 / 莱昂纳多·迪卡普里奥 / 朱丽叶特·刘易斯,20世纪90年代,146892
巴黎淘气帮,3157605,儿童 / 喜剧 / 家庭,8.6,洛朗·蒂拉尔,法国/比利时,马克西姆·戈达尔 / 瓦莱丽·勒梅西埃 / 凯德·麦拉德,21世纪00年代,135130
老爷车,3026357,剧情,8.6,克林特·伊斯特伍德,美国/德国,克林特·伊斯特伍德 / 克里斯托弗·卡利 / 比·王,21世纪00年代,103142
天伦之旅,3041749,剧情 / 家庭,8.6,柯克·琼斯,美国,罗伯特·德尼罗 / 凯特·贝金赛尔 / 山姆·洛克威尔,21世纪00年代,101954
布达佩斯之恋,1301106,爱情 / 剧情,8.6,诺夫·舒贝尔,德国/匈牙利,艾丽卡·莫露珊 / 约阿希姆·克罗尔 / 斯特法诺·迪奥尼斯,20世纪90年代,85784
小情人,1394488,儿童 / 喜剧,8.6,威特查·戈杰乌 / 颂裕·素玛戈南 / 尼提瓦·塔拉吞 / 维塔亚·东俞扬 / 埃迪森·特斯利卡森 / 孔里特·契威摩,泰国,查理·瑞纳 / 霍嘉丝·芝华顾 / Charwin Jitsomboon,21世纪00年代,60486
德州巴黎,1302061,剧情,8.5,维姆·文德斯,西德/法国/英国/美国,哈利·戴恩·斯坦通 / 萨姆·贝瑞 / 伯恩哈德·维基,20世纪80年代,80387
西伯利亚的理发师,1303001,喜剧 / 剧情 / 爱情,8.6,尼基塔·米哈尔科夫,俄罗斯/法国/意大利/捷克,朱莉娅·奥蒙德 / 欧列格·缅希科夫 / 阿列克谢·彼得连科,20世纪90年代,42112
东京塔,1855131,剧情 / 家庭,8.6,松冈锭司,日本,小田切让 / 树木希林 / 伊藤步,21世纪00年代,39457
想飞的钢琴少年,1900840,剧情 / 音乐,8.5,弗兰迪-M.米偌,瑞士,法比齐奥·波萨尼 / 泰欧·盖尔基 / 朱莉卡·詹金斯,21世纪00年代,30607
史崔特先生的故事,1298506,剧情 / 传记,8.5,大卫·林奇,法国/英国/美国,茜茜·斯派塞克 / Jane Galloway Heitz / Joseph A. Carpenter,20世纪90年代,35658
甜蜜的生活,1293271,剧情 / 喜剧,8.6,费德里科·费里尼,意大利/法国,马塞洛·马斯楚安尼 / 安妮塔·艾克伯格 / 阿努克·艾梅,20世纪60年代,35832
呼喊与细语,1296147,剧情 / 爱情,8.5,英格玛·伯格曼,瑞典,哈里特·安德森 / 卡莉·西尔万 / 英格丽·图林,20世纪70年代,37091
回归,1308074,剧情 / 家庭,8.6,安德烈·兹维亚金采夫,俄罗斯,弗拉迪米尔·加林 / 伊万·杜布朗拉沃夫 / 康斯坦丁·拉夫罗年科,21世纪00年代,33064
暴雨将至,1303036,剧情 / 战争,8.6,米尔科·曼彻夫斯基,马其顿/法国/英国,格莱戈尔·科林 / Dzemail Maksut / 拉宾娜·米特威斯卡,20世纪90年代,30879
虎豹小霸王,1297602,冒险 / 犯罪 / 剧情 / 西部,8.6,乔治·罗伊·希尔,美国,保罗·纽曼 / 罗伯特·雷德福 / 凯瑟琳·罗斯,20世纪60年代,22768
烈日灼人,1301867,剧情 / 历史,8.6,尼基塔·米哈尔科夫,俄罗斯/法国,欧列格·缅希科夫 / 尼基塔·米哈尔科夫 / 茵格保加·达坤耐特,20世纪90年代,22265
无声婚礼,3419943,喜剧 / 剧情,8.6,霍拉丘·默勒埃莱,罗马尼亚/卢森堡/法国,梅达·安德列亚·维克托 / 亚历山德鲁·波托切安 / 瓦伦汀·蒂奥多修,21世纪00年代,17955
霹雳五号,1294366,喜剧 / 家庭 / 科幻,8.6,约翰·班德汉姆,美国,艾丽·西蒂 / 斯蒂夫·古根伯格 / 费舍·史蒂芬斯,20世纪80年代,14451
史密斯先生到华盛顿,1297127,剧情,8.5,弗兰克·卡普拉,美国,琪恩·亚瑟 / 詹姆斯·斯图尔特 / 克劳德·雷恩斯,20世纪30年代,13038
两个人的车站,1297585,剧情 / 爱情,8.6,埃利达尔·梁赞诺夫,苏联,柳德米拉·古尔琴柯 / 奥列格·巴希拉什维利 / 尼基塔·米哈尔科夫,20世纪80年代,10098
艾美的世界,1295025,剧情 / 音乐,8.5,纳迪娅·塔斯,澳大利亚,艾拉娜·德·罗玛 / 瑞切尔·格里菲斯 / 本·门德尔森,20世纪90年代,6156
毕加索的奇异旅程,1308686,喜剧,8.6,塔格·丹尼尔松,瑞典,约斯塔·埃克曼 / 汉斯·阿尔弗莱德森 / 玛格丽塔·克罗克,20世纪70年代,5898
罗密欧与朱丽叶,1295467,剧情 / 爱情,8.7,佛朗哥·泽菲雷里,英国/意大利,莱昂纳德·怀廷 / 奥丽维娅·赫西 / 约翰·麦克埃尼,20世纪60年代,13882
恐怖直播,21360417,剧情 / 犯罪 / 悬疑,8.7,金秉祐,韩国,河正宇 / 李璟荣 / 全慧珍,21世纪10年代,696305
相助,3792848,剧情,8.9,泰特·泰勒,美国/印度/阿联酋,艾玛·斯通 / 维奥拉·戴维斯 / 布莱丝·达拉斯·霍华德,21世纪10年代,131528
布达佩斯大饭店,11525673,剧情 / 喜剧 / 冒险,8.9,韦斯·安德森,美国/德国/英国,拉尔夫·费因斯 / 托尼·雷沃罗利 / 阿德里安·布罗迪,21世纪10年代,1019791
消失的爱人,21318488,剧情 / 犯罪 / 悬疑 / 惊悚,8.7,大卫·芬奇,美国,本·阿弗莱克 / 裴淳华 / 尼尔·帕特里克·哈里斯,21世纪10年代,1023295
疯狂的麦克斯4：狂暴之路,3592854,动作 / 科幻 / 冒险,8.7,乔治·米勒,澳大利亚/美国,汤姆·哈迪 / 查理兹·塞隆 / 尼古拉斯·霍尔特,21世纪10年代,586283
布朗克斯的故事,1295070,犯罪 / 剧情,8.8,罗伯特·德尼罗,美国,罗伯特·德尼罗 / 查兹·帕尔明特瑞 / 李洛·布兰卡托,20世纪90年代,24008
荒蛮故事,24750126,剧情 / 喜剧 / 犯罪,8.8,达米安·斯兹弗隆,阿根廷/西班牙,达里奥·格兰迪内蒂 / 玛丽娅·玛努尔 / 莫妮卡·比利亚,21世纪10年代,472869
查令十字街84号,1299481,传记 / 剧情 / 爱情,8.7,大卫·休·琼斯,英国/美国,安妮·班克罗夫特 / 安东尼·霍普金斯 / 朱迪·丹奇,20世纪80年代,24581
血战钢锯岭,26325320,剧情 / 传记 / 历史 / 战争,8.7,梅尔·吉布森,澳大利亚/美国,安德鲁·加菲尔德 / 萨姆·沃辛顿 / 文斯·沃恩,21世纪10年代,823976
房间,25724855,剧情 / 家庭,8.8,伦尼·阿伯拉罕森,爱尔兰/加拿大/英国/美国,布丽·拉尔森 / 雅各布·特伦布莱 / 肖恩·布里吉格斯,21世纪10年代,386893
请以你的名字呼唤我,26799731,剧情 / 爱情 / 同性,8.8,卢卡·瓜达尼诺,意大利/法国/巴西/美国,艾米·汉莫 / 提莫西·查拉梅 / 迈克尔·斯图巴,21世纪10年代,779738
霍金传,1482022,剧情 / 传记,8.5,菲利普·马丁,英国,本尼迪克特·康伯巴奇 / 丽莎·迪伦 / 亚当·戈德利,21世纪00年代,21066
头号玩家,4920389,动作 / 科幻 / 冒险,8.6,史蒂文·斯皮尔伯格,美国,泰伊·谢里丹 / 奥利维亚·库克 / 本·门德尔森,21世纪10年代,1446282
看不见的客人,26580232,剧情 / 犯罪 / 悬疑 / 惊悚,8.8,奥里奥尔·保罗,西班牙,马里奥·卡萨斯 / 阿娜·瓦格纳 / 何塞·科罗纳多,21世纪10年代,1366032
大佛普拉斯,27059130,剧情 / 喜剧,8.7,黄信尧,中国台湾,庄益增 / 陈竹升 / 戴立忍,21世纪10年代,515339
海边的曼彻斯特,25980443,剧情 / 家庭,8.6,肯尼思·洛纳根,美国,卡西·阿弗莱克 / 卢卡斯·赫奇斯 / 米歇尔·威廉姆斯,21世纪10年代,605846
我能说,27000061,剧情 / 喜剧,8.8,金炫锡,韩国,罗文姬 / 李帝勋 / 廉惠兰,21世纪10年代,109684
无主之地,1306303,剧情 / 战争,8.6,丹尼斯·塔诺维奇,波黑/斯洛文尼亚/意大利/法国/英国/比利时,布兰科·德约里奇 / 雷内·比托拉亚茨 / 菲利普·索瓦戈维奇,21世纪00年代,33923
歌厅,1296282,剧情 / 爱情 / 歌舞,8.8,鲍勃·福斯,美国,丽莎·明内利 / 麦克尔·约克 / 赫尔穆特·格里姆,20世纪70年代,14828
我们俩,1756073,剧情,8.8,马俪文,中国大陆,宫哲 / 金雅琴 / 张淑芳,21世纪00年代,124383
波西米亚狂想曲,5300054,剧情 / 传记 / 同性 / 音乐,8.6,布莱恩·辛格,英国/美国,拉米·马雷克 / 本·哈迪 / 约瑟夫·梅泽罗,21世纪10年代,654328
乌鸦与麻雀,1424627,剧情,8.7,郑君里,中国大陆,赵丹 / 上官云珠 / 孙道临,20世纪40年代,12764
早安,1298063,喜剧,8.6,小津安二郎,日本,杉村春子 / 笠智众 / 久我美子,20世纪50年代,12063
上海滩,6311260,剧情 / 动作 / 犯罪,8.9,招振强,中国香港,周润发 / 吕良伟 / 赵雅芝,20世纪80年代,12007
新世界,10437779,剧情 / 犯罪,8.9,朴勋政,韩国,李政宰 / 崔岷植 / 黄政民,21世纪10年代,489543
寄生虫,27010768,剧情,8.8,奉俊昊,韩国,宋康昊 / 李善均 / 曹汝贞,21世纪10年代,1466847
小丑,27119724,剧情 / 犯罪 / 惊悚,8.7,托德·菲利普斯,美国/加拿大,华金·菲尼克斯 / 罗伯特·德尼罗 / 马克·马龙,21世纪10年代,1081228
一个叫欧维的男人决定去死,26628357,剧情,8.9,汉内斯·赫尔姆,瑞典,罗夫·拉斯加德 / 巴哈·帕斯 / 托比亚斯·阿姆博瑞,21世纪10年代,527162
谍影重重,1304102,动作 / 悬疑 / 惊悚,8.6,道格·里曼,美国/德国/捷克,马特·达蒙 / 弗朗卡·波滕特 / 克里斯·库珀,21世纪00年代,459354
黄昏的清兵卫,1307306,剧情 / 历史 / 爱情,8.8,山田洋次,日本,真田广之 / 宫泽理惠 / 小林稔侍,21世纪00年代,37313
谍影重重2,1308767,动作 / 悬疑 / 惊悚,8.7,保罗·格林格拉斯,美国/德国,马特·达蒙 / 布莱恩·考克斯 / 琼·艾伦,21世纪00年代,377403
终结者2：审判日,1291844,动作 / 科幻,8.8,詹姆斯·卡梅隆,美国/法国,阿诺·施瓦辛格 / 琳达·汉密尔顿 / 爱德华·福隆,20世纪90年代,363954
黑鹰坠落,1291824,动作 / 历史 / 战争,8.7,雷德利·斯科特,美国/英国,乔什·哈奈特 / 伊万·麦克格雷格 / 汤姆·塞兹摩尔,21世纪00年代,301182
断背山,1418834,剧情 / 爱情 / 同性 / 家庭,8.8,李安,美国/加拿大,希斯·莱杰 / 杰克·吉伦哈尔 / 米歇尔·威廉姆斯,21世纪00年代,746952
南极大冒险,1477448,剧情 / 冒险,8.7,弗兰克·马歇尔,美国,保罗·沃克 / 布鲁斯·格林伍德 / 穆恩·布拉得古德,21世纪00年代,88350
末路狂花,1291992,犯罪 / 剧情 / 惊悚,9.0,雷德利·斯科特,美国/英国/法国,吉娜·戴维斯 / 苏珊·萨兰登 / 哈威·凯特尔,20世纪90年代,303311
坠入,1890572,剧情 / 喜剧 / 奇幻 / 冒险,8.8,塔西姆·辛,美国/南非/印度,凯婷卡·安塔鲁 / 贾斯蒂恩·瓦戴尔 / 李·佩斯,21世纪00年代,139076
幸福终点站,1292274,喜剧 / 剧情 / 爱情,8.8,史蒂文·斯皮尔伯格,美国,汤姆·汉克斯 / 凯瑟琳·泽塔-琼斯 / 斯坦利·图齐,21世纪00年代,610238
情枭的黎明,1292646,犯罪 / 剧情 / 惊悚,8.7,布莱恩·德·帕尔玛,美国,阿尔·帕西诺 / 西恩·潘 / 佩内洛普·安·米勒,20世纪90年代,49806
铁拳男人,1418519,剧情 / 家庭 / 传记 / 运动,8.8,朗·霍华德,美国,罗素·克劳 / 蕾妮·齐薇格 / 保罗·吉亚玛提,21世纪00年代,57368
西西里的美丽传说,1292402,剧情 / 战争 / 情色,8.9,朱塞佩·托纳多雷,意大利/美国,莫妮卡·贝鲁奇 / 朱塞佩·苏尔法罗 / Luciano Federico,21世纪00年代,1042194
加勒比海盗,1298070,动作 / 冒险 / 奇幻,8.8,戈尔·维宾斯基,美国,约翰尼·德普 / 杰弗里·拉什 / 奥兰多·布鲁姆,21世纪00年代,918067
贫民窟的百万富翁,2209573,剧情 / 爱情,8.6,丹尼·博伊尔 / 洛芙琳·坦丹,英国,戴夫·帕特尔 / 沙鲁巴·舒克拉 / 亚尼·卡普尔,21世纪00年代,781335
何处是我朋友的家,1301897,剧情,9.0,阿巴斯·基亚罗斯塔米,伊朗,巴比·艾哈迈德·波 / 艾哈迈德·艾哈迈德·波 / 科达·巴和·迪范,20世纪80年代,40118
迷魂记,1297294,爱情 / 悬疑 / 惊悚,8.7,阿尔弗雷德·希区柯克,美国,詹姆斯·斯图尔特 / 金·诺瓦克 / 芭芭拉·贝尔·戈迪斯,20世纪50年代,150857
恋恋风尘,1292330,剧情 / 爱情,8.7,侯孝贤,中国台湾,李天禄 / 辛树芬 / 王晶文,20世纪80年代,103930
土拨鼠之日,1300613,剧情 / 喜剧 / 爱情 / 奇幻,8.6,哈罗德·雷米斯,美国,比尔·默瑞 / 安迪·麦克道威尔 / 克里斯·艾略特,20世纪90年代,229651
花火,1302642,剧情 / 爱情 / 犯罪 / 惊悚,8.6,北野武,日本,北野武 / 岸本加世子 / 大杉涟,20世纪90年代,131827
天水围的日与夜,3077668,剧情 / 家庭,8.7,许鞍华,中国香港,鲍起静 / 陈丽云 / 梁进龙,21世纪00年代,125775
雨人,1291870,剧情,8.7,巴瑞·莱文森,美国,达斯汀·霍夫曼 / 汤姆·克鲁斯 / 瓦莱丽亚·戈利诺,20世纪80年代,426625
E.T.外星人,1294638,剧情 / 科幻,8.6,史蒂文·斯皮尔伯格,美国,亨利·托马斯 / 迪·沃伦斯 / 罗伯特·麦克纳夫顿,20世纪80年代,342596
枪火,1300741,剧情 / 动作 / 犯罪,8.8,杜琪峰,中国香港,吴镇宇 / 任达华 / 黄秋生,20世纪90年代,245057
走出非洲,1291840,冒险 / 传记 / 剧情 / 爱情,8.7,西德尼·波拉克,美国,梅丽尔·斯特里普 / 罗伯特·雷德福 / 克劳斯·马利亚·布朗道尔,20世纪80年代,99385
洛城机密,1292348,剧情 / 犯罪 / 悬疑 / 惊悚,8.8,柯蒂斯·汉森,美国,凯文·史派西 / 罗素·克劳 / 盖·皮尔斯,20世纪90年代,163353
战争之王,1419936,剧情 / 犯罪,8.7,安德鲁·尼科尔,美国/德国,尼古拉斯·凯奇 / 布里吉特·莫伊纳汉 / 杰瑞德·莱托,21世纪00年代,395032
勇闯夺命岛,1292728,动作 / 冒险,8.6,迈克尔·贝,美国,肖恩·康纳利 / 尼古拉斯·凯奇 / 艾德·哈里斯,20世纪90年代,258312
遗愿清单,1867345,冒险 / 喜剧 / 剧情,8.7,罗伯·莱纳,美国,杰克·尼科尔森 / 摩根·弗里曼 / 西恩·海耶斯,21世纪00年代,503383
面子,1421278,剧情 / 喜剧 / 爱情 / 同性,8.8,伍思薇,美国,杨雅慧 / 陈冲 / 陈凌,21世纪00年代,89899
帝国的毁灭,1309115,剧情 / 传记 / 历史 / 战争,8.9,奥利弗·希施比格尔,德国/奥地利/意大利,布鲁诺·冈茨 / 亚历山德拉·玛丽亚·拉娜 / 科琳娜·哈弗奇,21世纪00年代,119580
一夜风流,1295684,喜剧 / 爱情,8.8,弗兰克·卡普拉,美国,克拉克·盖博 / 克劳黛·考尔白 / 沃尔特·康诺利,20世纪30年代,64387
万箭穿心,10537853,剧情 / 家庭,8.6,王竞,中国大陆,颜丙燕 / 陈刚 / 焦刚,21世纪10年代,261742
舞台春秋,1296659,喜剧 / 剧情 / 音乐 / 爱情,8.9,查理·卓别林,美国,查理·卓别林 / 巴斯特·基顿 / 克莱尔·布鲁姆,20世纪50年代,9946
电话谋杀案,1301231,犯罪 / 悬疑 / 惊悚,8.9,阿尔弗雷德·希区柯克,美国,雷·米兰德 / 格蕾丝·凯利 / 罗伯特·卡明斯,20世纪50年代,146116
小孩与鹰,1297920,剧情 / 儿童,8.6,肯·洛奇,英国,大卫·布拉德利 / Freddie Fletcher / 琳内·佩里,20世纪60年代,11419
热泪伤痕,1293046,剧情 / 悬疑 / 惊悚,8.7,泰勒·海克福德,美国,凯西·贝茨 / 克里斯托弗·普卢默 / 大卫·斯特雷泽恩,20世纪90年代,21509
记我的母亲,5975206,剧情,8.7,原田真人,日本,役所广司 / 树木希林 / 宫崎葵,21世纪10年代,16686
绿洲,1299582,剧情 / 爱情,8.7,李沧东,韩国,薛景求 / 文素利 / 安内相,21世纪00年代,89857
变脸,1293237,剧情,9.1,吴天明,中国大陆/中国香港,朱旭 / 周任莹 / 赵志刚,20世纪90年代,60987
遥望南方的童年,3037329,剧情,9.3,易寒,中国大陆,易志兵 / 何伟欣 / 谢媛,21世纪00年代,43747
秋日奏鸣曲,1297268,剧情 / 家庭,9.1,英格玛·伯格曼,瑞典/西德/英国,英格丽·褒曼 / 丽芙·乌尔曼 / 莱娜·尼曼,20世纪70年代,43114
鲸鱼马戏团,1416898,剧情 / 悬疑,8.7,贝拉·塔尔 / 阿尼亚斯·赫拉尼茨基,匈牙利/意大利/德国/法国,拉尔斯·鲁道夫 / 彼得·菲茨 / 汉娜·许古拉,21世纪00年代,15504
斯隆女士,26703158,剧情 / 悬疑,8.8,约翰·马登,美国/法国,杰西卡·查斯坦 / 古古·姆巴塔-劳 / 约翰·利思戈,21世纪10年代,114443
芬妮的旅程,26710657,剧情 / 战争,8.5,萝拉·多尔伦,法国/比利时,莱奥尼·西索德 / 芳汀·阿杜安 / 朱莉安娜·勒普罗,21世纪10年代,42957
世上最快的印第安摩托,1449711,传记 / 剧情 / 运动,8.9,罗杰·唐纳森,新西兰/日本/美国,安东尼·霍普金斯 / 艾伦·墨菲 / 蒂姆·夏伯特,21世纪00年代,19409
卓别林,1297368,剧情 / 传记,8.6,理查德·阿滕伯勒,英国/美国/法国/意大利,小罗伯特·唐尼 / 杰拉丁·卓别林 / 保罗·瑞斯,20世纪90年代,19981
解构爱情狂,1298385,喜剧,8.6,伍迪·艾伦,美国,伍迪·艾伦 / 罗宾·威廉姆斯 / 黛米·摩尔,20世纪90年代,41557
哈利·波特与魔法石,1295038,奇幻 / 冒险,9.2,克里斯·哥伦布,美国/英国,丹尼尔·雷德克里夫 / 艾玛·沃森 / 鲁伯特·格林特,21世纪00年代,1318463
过年,1296218,剧情 / 家庭,9.0,黄健中,中国大陆,赵丽蓉 / 李保田 / 葛优,20世纪90年代,72006
弱点,3552028,剧情 / 家庭 / 传记 / 运动,8.7,约翰·李·汉考克,美国,桑德拉·布洛克 / 蒂姆·麦格罗 / 昆东·亚伦,21世纪00年代,337253
远山的呼唤,1302605,剧情,8.8,山田洋次,日本,高仓健 / 倍赏千惠子 / 吉冈秀隆,20世纪80年代,18909
伊豆的舞女,1421733,剧情,8.6,西河克己,日本,山口百惠 / 三浦友和 / 一之宫敦子,20世纪70年代,27837
启示,1450031,动作 / 冒险 / 剧情,8.7,梅尔·吉布森,美国,鲁迪·杨布拉德 / 达利娅·埃尔南德斯 / 乔纳森·布雷维尔,21世纪00年代,112660
傲慢与偏见,1418200,剧情 / 爱情,8.7,乔·赖特,法国/英国/美国,凯拉·奈特莉 / 马修·麦克费登 / 唐纳德·萨瑟兰,21世纪00年代,866449
流星语,1294038,喜剧 / 剧情,8.5,张之亮,中国香港,张国荣 / 叶靖岚 / 狄龙,20世纪90年代,17509
百万美元宝贝,1309016,剧情 / 运动,8.8,克林特·伊斯特伍德,美国,克林特·伊斯特伍德 / 希拉里·斯万克 / 摩根·弗里曼,21世纪00年代,243479
荒岛余生,1298653,冒险 / 剧情,8.6,罗伯特·泽米吉斯,美国,汤姆·汉克斯 / 海伦·亨特 / 克里斯·诺斯,21世纪00年代,290501
昨天,1308086,传记 / 剧情 / 音乐,8.7,张杨,中国大陆,贾宏声 / 王彤 / 贾凤森,21世纪00年代,43236
母亲,2000741,剧情 / 家庭,8.5,山田洋次,日本,吉永小百合 / 浅野忠信 / 檀丽,21世纪00年代,11533
新龙门客栈,1292287,动作 / 爱情 / 武侠 / 古装,8.7,李惠民,中国香港/中国大陆,张曼玉 / 林青霞 / 梁家辉,20世纪90年代,477445
杀死一只知更鸟,1297991,剧情 / 犯罪,8.6,罗伯特·马利根,美国,格利高里·派克 / 约翰·梅根纳 / 弗兰克·奥弗顿,20世纪60年代,64044
廊桥遗梦,1293929,剧情 / 爱情,8.7,克林特·伊斯特伍德,美国,克林特·伊斯特伍德 / 梅丽尔·斯特里普 / 安妮·科利,20世纪90年代,247932
回到未来,1300555,喜剧 / 科幻 / 冒险,8.8,罗伯特·泽米吉斯,美国,迈克尔·J·福克斯 / 克里斯托弗·洛伊德 / 莉·汤普森,20世纪80年代,231902
致命ID,1297192,剧情 / 悬疑 / 惊悚,8.9,詹姆斯·曼高德,美国,约翰·库萨克 / 雷·利奥塔 / 阿曼达·皮特,21世纪00年代,892379
黑天鹅,1978709,剧情 / 惊悚,8.6,达伦·阿伦诺夫斯基,美国,娜塔莉·波特曼 / 米拉·库尼斯 / 文森特·卡塞尔,21世纪10年代,816484
朗读者,2213597,剧情 / 爱情,8.6,史蒂芬·戴德利,美国/德国,凯特·温斯莱特 / 大卫·克劳斯 / 拉尔夫·费因斯,21世纪00年代,473698
全金属外壳,1300055,剧情 / 战争,8.6,斯坦利·库布里克,英国/美国,马修·莫迪恩 / 亚当·鲍德温 / 文森特·多诺费奥,20世纪80年代,145394
光荣之路,1457219,剧情 / 传记 / 运动,8.6,詹姆斯·加特纳,美国,乔什·卢卡斯 / Wes Brown / 德里克·卢克,21世纪00年代,51858
十月的天空,1293753,传记 / 剧情 / 家庭,8.7,乔·庄斯顿,美国,杰克·吉伦哈尔 / 克里斯·库珀 / 劳拉·邓恩,20世纪90年代,48513
鸳梦重温,1293695,剧情 / 爱情,8.5,茂文·勒鲁瓦,美国,罗纳德·考尔曼 / 葛丽亚·嘉逊 / 菲利普·多恩,20世纪40年代,5009
禁闭岛,2334904,剧情 / 悬疑 / 惊悚,8.9,马丁·斯科塞斯,美国,莱昂纳多·迪卡普里奥 / 马克·鲁弗洛 / 本·金斯利,21世纪10年代,1051920
无耻混蛋,1438652,剧情 / 犯罪,8.7,昆汀·塔伦蒂诺,德国/美国,布拉德·皮特 / 梅拉尼·罗兰 / 克里斯托弗·瓦尔兹,21世纪00年代,519629
倩女幽魂,1297447,爱情 / 奇幻 / 武侠 / 古装,8.8,程小东,中国香港,张国荣 / 王祖贤 / 午马,20世纪80年代,782057
麻将,1297418,喜剧 / 剧情,8.7,杨德昌,中国台湾,柯宇纶 / 张震 / 唐从圣,20世纪90年代,56561
恐怖分子,1305261,剧情 / 犯罪,9.0,杨德昌,中国台湾,缪骞人 / 李立群 / 金士杰,20世纪80年代,83108
弗里达,1291852,传记 / 剧情 / 爱情,8.7,朱丽·泰莫,美国/墨西哥/加拿大,萨尔玛·海耶克 / 阿尔弗雷德·莫里纳 / 米娅·麦斯特罗,21世纪00年代,81944
雨月物语,1303577,剧情 / 战争 / 奇幻,8.6,沟口健二,日本,京町子 / 水户光子 / 田中绢代,20世纪50年代,30154
奇迹,4832288,剧情 / 家庭,8.8,是枝裕和,日本,前田航基 / 前田旺志郎 / 大塚宁宁,21世纪10年代,79422
永远的三丁目的夕阳2,1980825,剧情,8.7,山崎贵,日本,吉冈秀隆 / 堤真一 / 小雪,21世纪00年代,18585
瓦尔特保卫萨拉热窝,1291860,战争,8.8,哈伊鲁丁·克尔瓦瓦茨,南斯拉夫,韦利米尔·巴塔·日沃伊诺维奇 / 拉德·马尔科维奇 / 留比沙·萨马季奇,20世纪70年代,16198
光辉岁月,1292943,剧情 / 传记 / 运动,8.6,鲍兹·亚金,美国,丹泽尔·华盛顿 / 威尔·帕顿 / 伍德·哈里斯,21世纪00年代,30468
战场上的快乐圣诞,1303535,剧情 / 战争 / 同性,8.8,大岛渚,英国/新西兰/日本,大卫·鲍伊 / 汤姆·康蒂 / 坂本龙一,20世纪80年代,148241
再见，孩子们,1292586,剧情 / 战争,8.5,路易·马勒,法国/西德/意大利,加斯帕·曼尼斯 / 拉斐尔·费伊特 / 弗朗辛·拉塞特,20世纪80年代,16543
千钧一发,1300117,剧情 / 科幻 / 惊悚,8.8,安德鲁·尼科尔,美国,伊桑·霍克 / 乌玛·瑟曼 / 裘德·洛,20世纪90年代,326589
2001太空漫游,1292226,科幻 / 惊悚 / 冒险,8.9,斯坦利·库布里克,英国/美国,凯尔·杜拉 / 加里·洛克伍德 / 威廉姆·西尔维斯特,20世纪60年代,366130
我们天上见,3732800,剧情 / 家庭,8.7,蒋雯丽,中国大陆,朱旭 / 姚君 / 朱一诺,21世纪00年代,80404
费城故事,1293145,剧情 / 同性,8.7,乔纳森·戴米,美国,汤姆·汉克斯 / 丹泽尔·华盛顿 / 罗伯塔·马克斯韦尔,20世纪90年代,103025
杀人回忆,1300299,剧情 / 动作 / 犯罪 / 悬疑 / 惊悚,8.9,奉俊昊,韩国,宋康昊 / 金相庆 / 金雷夏,21世纪00年代,782129
非常嫌疑犯,1292214,犯罪 / 悬疑 / 惊悚,8.6,布莱恩·辛格,德国/美国,史蒂芬·鲍德温 / 加布里埃尔·伯恩 / 本尼西奥·德尔·托罗,20世纪90年代,273240
蝴蝶,1292056,剧情 / 儿童 / 喜剧,8.6,费利普·弥勒,法国,米歇尔·塞罗尔 / 柯莱儿·布翁尼许 / 娜德·蒂约,21世纪00年代,122117
真爱至上,1292401,喜剧 / 剧情 / 爱情,8.5,理查德·柯蒂斯,英国/美国/法国,休·格兰特 / 连姆·尼森 / 科林·费尔斯,21世纪00年代,773543
曼联重生,5383158,剧情 / 历史 / 运动,8.5,詹姆斯·斯特朗,英国,大卫·田纳特 / 杰克·奥康奈尔 / 山姆·克拉弗林,21世纪10年代,8843
蝙蝠侠：黑暗骑士崛起,3395373,剧情 / 动作 / 科幻 / 犯罪 / 惊悚,8.9,克里斯托弗·诺兰,美国/英国,克里斯蒂安·贝尔 / 汤姆·哈迪 / 安妮·海瑟薇,21世纪10年代,772581
理查二世,6753589,剧情 / 历史,8.7,鲁伯特·古尔德,英国,本·卫肖 / 克蕾曼丝·波西 / 帕特里克·斯图尔特,21世纪10年代,16787
亨利四世：第二部分,10543906,剧情 / 历史,8.6,理查德·艾尔,英国,杰瑞米·艾恩斯 / 汤姆·希德勒斯顿 / 西蒙·拉塞尔·比尔,21世纪10年代,9046
亨利四世：第一部分,10441064,剧情 / 历史,8.6,理查德·艾尔,英国/美国,杰瑞米·艾恩斯 / 汤姆·希德勒斯顿 / 西蒙·拉塞尔·比尔,21世纪10年代,11134
赛德克·巴莱,3993559,剧情 / 历史 / 战争,8.8,魏德圣,中国台湾,林庆台 / 马志翔 / 安藤政信,21世纪10年代,192841
赛德克·巴莱(下)：彩虹桥,6393127,剧情 / 历史 / 战争,8.9,魏德圣,中国台湾,马志翔 / 温岚 / 田中千绘,21世纪10年代,97889
与玛格丽特的午后,3796613,喜剧,9.1,让·贝克,法国,热拉尔·德帕迪约 / 吉赛勒·卡扎德絮 / 帕特里克·伯利奇,21世纪10年代,105786
这里的黎明静悄悄,1303075,剧情 / 历史 / 战争,8.7,斯坦尼斯拉夫·罗斯托茨基,苏联,安德烈·马尔蒂诺夫 / 伊琳娜·多尔加诺娃 / 伊莲娜·德罗佩科,20世纪70年代,13088
焦土之城,4935242,剧情 / 战争 / 悬疑,8.6,丹尼斯·维伦纽瓦,加拿大/法国,卢巴纳·阿兹巴尔 / 梅丽莎·德索蒙斯-波林 / 马克西姆·高德特,21世纪10年代,78009
爱,4798707,剧情 / 爱情,8.6,迈克尔·哈内克,法国/德国/奥地利,让-路易·特兰蒂尼昂 / 埃玛妞·丽娃 / 伊莎贝尔·于佩尔,21世纪10年代,93903
悲惨世界,6860160,剧情 / 爱情 / 歌舞,8.7,汤姆·霍伯,英国/美国,休·杰克曼 / 罗素·克劳 / 安妮·海瑟薇,21世纪10年代,354206
一级谋杀,1293373,剧情 / 惊悚,8.6,马可·罗科,法国/美国,克里斯蒂安·史莱特 / 凯文·贝肯 / 加里·奥德曼,20世纪90年代,10202
横道世之介,10484041,剧情 / 爱情,8.8,冲田修一,日本,高良健吾 / 吉高由里子 / 池松壮亮,21世纪10年代,186786
安全至下,1303388,喜剧 / 爱情 / 惊悚,8.9,弗雷德·C·纽迈尔 / 山姆·泰勒,美国,哈罗德·劳埃德 / 米尔德丽德·戴维斯 / 比尔·斯特罗瑟,20世纪20年代,12865
同流者,1300955,剧情,8.6,贝纳尔多·贝托鲁奇,意大利/法国/西德,让-路易·特兰蒂尼昂 / 斯特法尼娅·桑德雷莉 / 加斯通·莫辛,20世纪70年代,14591
烈焰焚币,1306454,剧情 / 爱情 / 犯罪 / 惊悚 / 同性,8.6,马西路·品尼路,阿根廷/西班牙/乌拉圭,莱昂纳多·斯巴拉格利亚 / 爱德华多·诺列加 / 巴勃罗·埃查里,21世纪00年代,24677
特工,26683421,剧情,8.8,尹钟彬,韩国,黄政民 / 李星民 / 赵震雄,21世纪10年代,224917
花样年华,1291557,剧情 / 爱情,8.8,王家卫,中国香港,梁朝伟 / 张曼玉 / 潘迪华,21世纪00年代,663224
战争与和平,1307067,剧情 / 历史 / 爱情 / 战争,9.2,谢尔盖·邦达尔丘克,苏联,谢尔盖·邦达尔丘克 / 柳德米拉·萨维里耶娃 / 维亚切斯拉夫·吉洪诺夫,20世纪60年代,16349
82年生的金智英,30327842,剧情,8.6,金度英,韩国,郑裕美 / 孔刘 / 金美卿,21世纪10年代,387449
燃烧女子的肖像,30257175,剧情 / 爱情 / 同性,8.7,瑟琳·席安玛,法国,诺米·梅兰特 / 阿黛拉·哈内尔 / 卢安娜·巴杰拉米,21世纪10年代,239219
特写,1303521,犯罪 / 剧情,8.9,阿巴斯·基亚罗斯塔米,伊朗,Hossain Sabzian / 莫森·玛克玛尔巴夫 / Abolfazl Ahankhah,20世纪90年代,24220
隐藏人物,26615208,剧情 / 传记 / 历史,8.9,西奥多·梅尔菲,美国,塔拉吉·P·汉森 / 奥克塔维亚·斯宾瑟 / 加奈儿·梦奈,21世纪10年代,245318
再次出发之纽约遇见你,6874403,喜剧 / 爱情 / 音乐,8.6,约翰·卡尼,美国,凯拉·奈特莉 / 马克·鲁弗洛 / 亚当·莱文,21世纪10年代,450735
阮玲玉,1293414,传记 / 剧情 / 爱情,8.6,关锦鹏,中国香港,张曼玉 / 梁家辉 / 秦汉,20世纪90年代,129655
发条橙,1292233,犯罪 / 剧情 / 科幻,8.6,斯坦利·库布里克,英国/美国,马尔科姆·麦克道威尔 / 帕特里克·马基 / 迈克尔·贝茨,20世纪70年代,391511
大红灯笼高高挂,1293323,剧情,8.8,张艺谋,中国大陆/中国香港/中国台湾,巩俐 / 马精武 / 何赛飞,20世纪90年代,328749
汉密尔顿,34961898,历史 / 歌舞,9.5,托马斯·凯尔,美国,林-曼努尔·米兰达 / 小莱斯利·奥多姆 / 戴维德·迪格斯,21世纪20年代,83280
无间道2,1307106,剧情 / 犯罪 / 惊悚,8.8,刘伟强 / 麦兆辉,中国香港,陈冠希 / 余文乐 / 曾志伟,21世纪00年代,528458
青蛇,1303394,剧情 / 爱情 / 奇幻 / 古装,8.6,徐克,中国香港/中国大陆,张曼玉 / 王祖贤 / 赵文卓,20世纪90年代,561689
党同伐异,1295287,剧情 / 历史 / 爱情,8.7,大卫·格里菲斯,美国,丽莲·吉许 / 梅·马什 / 罗伯特·哈伦,20世纪10年代,12728
巴里·林登,1292472,剧情 / 爱情 / 战争,8.8,斯坦利·库布里克,英国/美国,瑞安·奥尼尔 / 马里莎·贝伦森 / 帕特里克·马基,20世纪70年代,47382
牧马人,1308038,剧情 / 爱情,9.1,谢晋,中国大陆,朱时茂 / 丛珊 / 刘琼,20世纪80年代,95566
杀死比尔：整个血腥事件,10756537,动作 / 犯罪,8.7,昆汀·塔伦蒂诺,美国,乌玛·瑟曼 / 迈克尔·鲍文 / 大卫·卡拉丁,21世纪10年代,43261
寂静人生,10755367,剧情,9.0,乌贝托·帕索里尼,英国/意大利,埃迪·马森 / 琼安·弗洛加特 / 安德鲁·巴肯,21世纪10年代,69841
夜,1361252,剧情 / 爱情,8.7,米开朗基罗·安东尼奥尼,意大利/法国,马塞洛·马斯楚安尼 / 让娜·莫罗 / 莫妮卡·维蒂,20世纪60年代,17565
人工智能,1302827,剧情 / 科幻,8.7,史蒂文·斯皮尔伯格,美国/英国,海利·乔·奥斯蒙 / 弗兰西丝·奥康纳 / 山姆·洛巴兹,21世纪00年代,477245
芝加哥,1307697,喜剧 / 歌舞 / 犯罪,8.9,罗伯·马歇尔,美国/德国,泰雅·迪格斯 / 凯瑟琳·泽塔-琼斯 / 蕾妮·齐薇格,21世纪00年代,175694
芝加哥七君子审判,2609258,剧情 / 历史,8.6,艾伦·索金,美国/英国/印度,埃迪·雷德梅恩 / 艾利克斯·夏普 / 萨莎·拜伦·科恩,21世纪20年代,99656
西线无战事,1295116,剧情 / 动作 / 历史 / 战争,8.9,刘易斯·迈尔斯通,美国,路易斯·沃海姆 / 刘·艾尔斯 / 约翰·雷,20世纪30年代,31109
飞向太空,1300977,剧情 / 科幻 / 悬疑,8.7,安德烈·塔可夫斯基,苏联,纳塔莉亚·邦达尔丘克 / 多纳塔斯•巴尼奥尼斯 / 尤里·贾维特,20世纪70年代,40998
潜行者,1295656,剧情 / 科幻 / 悬疑,8.8,安德烈·塔可夫斯基,苏联,亚历山大·凯伊达诺夫斯基 / 阿丽萨·弗雷因德利赫 / 安纳托利·索洛尼岑,20世纪70年代,38222
牺牲,1294531,剧情,8.7,安德烈·塔可夫斯基,瑞典/法国/英国,厄兰·约瑟夫森 / 苏珊·弗利特伍德 / 艾伦·埃德渥,20世纪80年代,19325
盲山,2063528,剧情 / 犯罪,8.8,李杨,中国大陆,黄璐 / 杨幼安 / 贺运乐,21世纪00年代,194427
小树的故事,1305814,剧情,8.5,理查德·弗雷登伯格,加拿大,约瑟夫·阿什顿 / 詹姆斯·克伦威尔 / 坦图·卡丁诺,20世纪90年代,9818
天狗,1947270,剧情,8.8,戚健,中国大陆,富大龙 / 朱媛媛 / 刘子枫,21世纪00年代,42363
九品芝麻官,1297518,剧情 / 喜剧 / 古装,8.7,王晶,中国香港/中国大陆,周星驰 / 吴孟达 / 张敏,20世纪90年代,742982
铁达尼号沉没记,1296542,剧情 / 动作 / 历史 / 爱情 / 灾难,8.6,罗伯特·里伯曼,加拿大/美国,彼得·盖勒 / 凯瑟琳·泽塔-琼斯 / 乔治·C·斯科特,20世纪90年代,6517
黑水,30331959,剧情,8.6,托德·海因斯,美国,马克·鲁弗洛 / 安妮·海瑟薇 / 蒂姆·罗宾斯,21世纪10年代,140700
阿郎的故事,1293315,剧情 / 家庭,8.5,杜琪峰,中国香港,周润发 / 张艾嘉 / 黄坤玄,20世纪80年代,123302
八部半,1361276,剧情,8.6,费德里科·费里尼,意大利/法国,马塞洛·马斯楚安尼 / 克劳迪娅·卡汀娜 / 阿努克·艾梅,20世纪60年代,68873
误杀瞒天记,26419637,剧情 / 犯罪 / 悬疑,8.6,尼西卡特·卡马特,印度,阿贾耶·德乌干 / 塔布 / 施芮娅·萨兰,21世纪10年代,274929
困在时间里的父亲,33432655,剧情,8.6,佛罗莱恩·泽勒,英国/法国,安东尼·霍普金斯 / 奥利维娅·科尔曼 / 马克·加蒂斯,21世纪20年代,275600
冒牌上尉,27114240,剧情 / 历史 / 战争,8.6,罗伯特·施文特克,德国/波兰/法国,麦克斯·胡巴赫 / 米兰·佩舍尔 / 弗雷德里克·劳,21世纪10年代,91055
喜丧,26671361,剧情 / 家庭,8.8,张涛,中国大陆/中国香港/法国,郁凤云 / 王士兰 / 李宝明,21世纪10年代,34390
达拉斯买家俱乐部,1793929,剧情 / 传记 / 同性,8.8,让-马克·瓦雷,美国,马修·麦康纳 / 詹妮弗·加纳 / 杰瑞德·莱托,21世纪10年代,482899
阿Q正传,1306506,剧情,8.8,岑范,中国大陆,严顺开 / 王苏娅 / 李纬,20世纪80年代,42013
隐藏的恋情,1946786,剧情 / 爱情 / 战争 / 同性,8.6,克里斯蒂安·富尔,法国,杰瑞米·雷乃 / 露易丝·莫诺特 / 布鲁诺·托德契尼,21世纪00年代,10563
大宅门,5301572,剧情 / 爱情 / 传记,9.3,郭宝昌,中国大陆,斯琴高娃 / 陈宝国 / 刘佩琦,21世纪00年代,14633
黑客帝国3：矩阵革命,1302467,动作 / 科幻,8.8,拉娜·沃卓斯基 / 莉莉·沃卓斯基,美国,基努·里维斯 / 劳伦斯·菲什伯恩 / 凯瑞-安·莫斯,21世纪00年代,474331
花束般的恋爱,34874432,剧情 / 爱情,8.6,土井裕泰,日本,菅田将晖 / 有村架纯 / 细田佳央太,21世纪20年代,735126
爆裂鼓手,25773932,剧情 / 音乐,8.6,达米恩·查泽雷,美国,迈尔斯·特勒 / J·K·西蒙斯 / 保罗·雷瑟,21世纪10年代,633102
姊姊妹妹站起来,2208890,剧情,9.2,陈西禾,中国大陆,梁明 / 李纬 / 石挥,20世纪50年代,21012
红鳉鱼,26266892,剧情 / 传记,9.0,高畑秀太,日本,二宫和也 / 北野武 / 宫川大辅,21世纪10年代,47349
死者田园祭,1366165,剧情 / 奇幻,8.8,寺山修司,日本,菅贯太郎 / 高野浩幸 / 八千草薰,20世纪70年代,27806
我是古巴,1432669,剧情,9.1,米哈伊尔·卡拉托佐夫,苏联/古巴,塞吉欧·柯瑞里 / Salvador Wood / José Gallardo,20世纪60年代,18421
街角的商店,1299166,喜剧 / 爱情 / 剧情,8.7,恩斯特·刘别谦,美国,玛格里特·苏利文 / 詹姆斯·斯图尔特 / 弗兰克·摩根,20世纪40年代,17633
倒扣的王牌,1293841,剧情 / 黑色电影,8.7,比利·怀尔德,美国,柯克·道格拉斯 / 简·斯特林 / 罗伯特·亚瑟,20世纪50年代,18817
小偷,1295991,剧情,8.6,帕维尔·丘赫莱伊,俄罗斯/法国,弗拉基米尔·马什科夫 Vladimir Mashkov / 叶卡捷琳娜·列德尼科娃 / 米沙·菲利普丘克,20世纪90年代,7864
天国与地狱,1293663,剧情 / 犯罪,8.8,黑泽明,日本,三船敏郎 / 仲代达矢 / 香川京子,20世纪60年代,20583
大菩萨岭,1440164,剧情 / 动作,8.6,冈本喜八,日本,仲代达矢 / 新珠三千代 / 加山雄三,20世纪60年代,15654
油炸绿番茄,1293861,剧情,8.7,乔恩·阿维奈,美国,凯西·贝茨 / 杰西卡·坦迪 / 玛丽-露易丝·帕克,20世纪90年代,19238
稻草人,1308607,喜剧 / 历史 / 战争,8.6,王童,中国台湾,卓胜利 / 张柏舟 / 吴炳南,20世纪80年代,13030
玉女风流,1298241,喜剧,8.9,比利·怀尔德,美国,詹姆斯·卡格尼 / 霍斯特·布赫霍尔茨 / 帕梅拉·蒂芬,20世纪60年代,22481
碧血金沙,1292516,剧情 / 西部 / 冒险,8.6,约翰·休斯顿,美国,亨弗莱·鲍嘉 / 沃尔特·休斯顿 / 提姆·霍尔特,20世纪40年代,10346
笼民,1306326,剧情,8.9,张之亮,中国香港,黄家驹 / 乔宏 / 廖启智,20世纪90年代,13435
七次机会,1300352,喜剧 / 爱情,8.9,巴斯特·基顿,美国,巴斯特·基顿 / T.罗伊·巴尔内斯 / 辛兹·爱德华,20世纪20年代,15186
最卑贱的人,1307639,剧情,8.7,F·W·茂瑙,德国,埃米尔·雅宁斯 / 梅丽· 戴尔沙夫特 / 赫尔曼·瓦伦丁,20世纪20年代,8902
彩虹照耀,3750554,剧情 / 家庭,8.7,维克·萨林,加拿大/爱尔兰,康妮·尼尔森 / 艾丹·奎因 / Niamh Shaw,21世纪00年代,28246
南特的雅克·德米,1394410,传记 / 剧情,9.0,阿涅斯·瓦尔达,法国,Philippe Maron / Edouard Joubeaud / Laurent Monnier,20世纪90年代,7563
世界旦夕之间,3228134,科幻 / 犯罪 / 悬疑,8.6,赖纳·维尔纳·法斯宾德,西德,克劳斯·洛维奇 / 芭芭拉·瓦伦汀 / 古特·拉姆普雷切特,20世纪70年代,7951
给我翅膀,30410114,冒险,8.8,尼古拉·瓦尼埃,法国,让-保罗·卢弗 / 梅拉妮·杜泰 / 路尔斯·瓦兹奎兹,21世纪10年代,54125
健听女孩,35048413,剧情 / 音乐,8.6,夏安·海德,美国/法国/加拿大,艾米莉亚·琼斯 / 特洛伊·科特苏尔 / 玛丽·玛特琳,21世纪20年代,147608
多哥,30271841,剧情 / 冒险,8.8,埃里克松·科尔,美国,威廉·达福 / 朱丽安妮·尼科尔森 / 克里斯托弗·海尔达尔,21世纪10年代,109196
教宗的承继,27132510,剧情 / 传记,8.6,费尔南多·梅里尔斯,英国/意大利,安东尼·霍普金斯 / 乔纳森·普雷斯 / 胡安·米努欣,21世纪10年代,63378
婚姻故事,27202818,剧情 / 爱情,8.5,诺亚·鲍姆巴赫,英国/美国,斯嘉丽·约翰逊 / 亚当·德赖弗 / 劳拉·邓恩,21世纪10年代,325907
爱尔兰人,6981153,剧情 / 传记 / 犯罪,8.8,马丁·斯科塞斯,美国,罗伯特·德尼罗 / 阿尔·帕西诺 / 乔·佩西,21世纪10年代,273574
无主之作,26701196,剧情,8.6,弗洛里安·亨克尔·冯·多纳斯马尔克,德国/意大利,汤姆·希林 / 塞巴斯蒂安·科赫 / 葆拉·贝尔,21世纪10年代,86570
谁先爱上他的,27119586,剧情 / 喜剧 / 同性,8.6,徐誉庭 / 许智彦,中国台湾,邱泽 / 谢盈萱 / 陈如山,21世纪10年代,420242
绿皮书,27060077,剧情 / 喜剧 / 传记 / 音乐,8.9,彼得·法雷里,美国/中国大陆,维果·莫腾森 / 马赫沙拉·阿里 / 琳达·卡德里尼,21世纪10年代,1777281
那山那人那狗,1307766,剧情 / 家庭,8.8,霍建起,中国大陆,滕汝骏 / 刘烨 / 赵秀丽,20世纪90年代,138311
T省的84·85年,3369426,剧情,8.7,杨延晋,中国大陆,叶志康 / 达式常 / 郭允泰,20世纪80年代,13003
念书的孩子,19976058,剧情 / 儿童,8.6,原雅轩,中国大陆,江化霖 / 李佳奇 / 原明轩,21世纪10年代,14477
小偷家族,27622447,剧情 / 犯罪 / 家庭,8.7,是枝裕和,日本,中川雅也 / 安藤樱 / 松冈茉优,21世纪10年代,861678
奇迹男孩,26787574,剧情 / 儿童 / 家庭,8.6,斯蒂芬·卓博斯基,美国/中国香港,雅各布·特伦布莱 / 朱莉娅·罗伯茨 / 伊扎贝拉·维多维奇,21世纪10年代,578782
三块广告牌,26611804,剧情 / 犯罪,8.7,马丁·麦克唐纳,英国/美国,弗兰西斯·麦克多蒙德 / 伍迪·哈里森 / 山姆·洛克威尔,21世纪10年代,875996
啊，荒野,27030639,剧情,8.6,岸善幸,日本,菅田将晖 / 梁益准 / 木下明里,21世纪10年代,26935
总有一天,26390631,剧情,8.7,杰斯珀·W·尼尔森,丹麦,拉斯·米克尔森 / 苏菲·格拉宝 / 哈拉尔德·凯泽·赫尔曼,21世纪10年代,33512
比海更深,26694988,剧情 / 家庭,8.7,是枝裕和,日本,阿部宽 / 真木阳子 / 小林聪美,21世纪10年代,223901
海街日记,25895901,剧情 / 家庭,8.8,是枝裕和,日本,绫濑遥 / 长泽雅美 / 夏帆,21世纪10年代,489076
如父如子,10571509,剧情 / 家庭,8.7,是枝裕和,日本,福山雅治 / 尾野真千子 / 真木阳子,21世纪10年代,164848
釜山行,25986180,动作 / 惊悚 / 灾难,8.6,延尚昊,韩国,孔刘 / 郑裕美 / 马东锡,21世纪10年代,1281422
地雷区,26591654,剧情 / 历史 / 战争,8.7,马丁·赞里维特,丹麦/德国,罗兰·默勒 / 米克尔·福尔斯加德 / 路易斯·霍夫曼,21世纪10年代,86531
聚焦,25954475,剧情 / 传记,8.8,汤姆·麦卡锡,美国,马克·鲁弗洛 / 迈克尔·基顿 / 瑞秋·麦克亚当斯,21世纪10年代,272621
心迷宫,25917973,剧情 / 犯罪 / 悬疑,8.8,忻钰坤,中国大陆,霍卫民 / 王笑天 / 罗芸,21世纪10年代,575390
小森林,25814707,剧情,9.0,森淳一,日本,桥本爱 / 三浦贵大 / 松冈茉优,21世纪10年代,401944
小森林,25814705,剧情,9.0,森淳一,日本,桥本爱 / 三浦贵大 / 松冈茉优,21世纪10年代,451965
模仿游戏,10463953,剧情 / 传记 / 战争 / 同性,8.8,莫滕·泰杜姆,英国/美国,本尼迪克特·康伯巴奇 / 凯拉·奈特莉 / 马修·古迪,21世纪10年代,690771
哪啊哪啊神去村,24741412,剧情 / 喜剧,8.5,矢口史靖,日本,染谷将太 / 长泽雅美 / 伊藤英明,21世纪10年代,178279
另一个故乡,22265121,剧情 / 历史,8.5,爱德嘉·莱兹,德国/法国,扬·迪特尔·施耐德 / 安东尼娅·比尔 / 麦斯米兰·沙伊特,21世纪10年代,11746
时空恋旅人,10577869,喜剧 / 爱情 / 奇幻,8.8,理查德·柯蒂斯,英国/美国,多姆纳尔·格里森 / 瑞秋·麦克亚当斯 / 比尔·奈伊,21世纪10年代,737302
兹山鱼谱,30409439,剧情 / 历史 / 古装,8.8,李濬益,韩国,薛景求 / 卞约汉 / 李姃垠,21世纪20年代,56526
老友记重聚特辑,34908189,喜剧 / 爱情,9.2,本·温斯顿,美国,詹妮弗·安妮斯顿 / 柯特妮·考克斯 / 马修·派瑞,21世纪20年代,76982
编舟记,11500954,剧情,8.6,石井裕也,日本,松田龙平 / 宫崎葵 / 小田切让,21世纪10年代,77358
东京家族,5996409,剧情 / 家庭,8.8,山田洋次,日本,桥爪功 / 吉行和子 / 西村雅彦,21世纪10年代,62273
亨利五世,10543907,剧情 / 历史 / 战争,8.7,西娅·夏罗克,英国,汤姆·希德勒斯顿 / 朱丽·沃特斯 / 约翰·赫特,21世纪10年代,10923
可可西里,1308857,剧情 / 犯罪,8.9,陆川,中国大陆/中国香港,多布杰 / 张垒 / 奇道,21世纪00年代,326473
爵士春秋,1299330,剧情 / 喜剧 / 音乐 / 歌舞,8.5,鲍勃·福斯,美国,罗伊·谢德 / 杰西卡·兰格 / 利兰·帕尔默,20世纪70年代,11046
我这一辈子,1422020,剧情 / 历史,8.8,石挥,中国大陆,石挥 / 魏鹤龄 / 崔超明,20世纪50年代,17200
青之炎,1389924,剧情 / 犯罪 / 爱情,8.6,蜷川幸雄,日本,二宫和也 / 松浦亚弥 / 秋吉久美子,21世纪00年代,44776
黑客帝国2：重装上阵,1304141,动作 / 科幻,8.7,拉娜·沃卓斯基 / 莉莉·沃卓斯基,美国,基努·里维斯 / 劳伦斯·菲什伯恩 / 凯瑞-安·莫斯,21世纪00年代,432623
血钻,1428175,剧情 / 惊悚 / 冒险,8.7,爱德华·兹威克,美国/德国/英国,莱昂纳多·迪卡普里奥 / 杰曼·翰苏 / 詹妮弗·康纳利,21世纪00年代,404151
东邪西毒,1292328,剧情 / 动作 / 爱情 / 武侠 / 古装,8.6,王家卫,中国香港/中国台湾,张国荣 / 林青霞 / 梁朝伟,20世纪90年代,607978
记忆碎片,1304447,犯罪 / 剧情 / 悬疑 / 惊悚,8.7,克里斯托弗·诺兰,美国,盖·皮尔斯 / 凯瑞-安·莫斯 / 乔·潘托里亚诺,21世纪00年代,640272
哈利·波特与火焰杯,1309055,悬疑 / 奇幻 / 冒险,8.8,迈克·内威尔,英国/美国,丹尼尔·雷德克里夫 / 艾玛·沃森 / 鲁伯特·格林特,21世纪00年代,742115
被解救的姜戈,6307447,剧情 / 动作 / 西部 / 冒险,8.8,昆汀·塔伦蒂诺,美国,杰米·福克斯 / 莱昂纳多·迪卡普里奥 / 克里斯托弗·瓦尔兹,21世纪10年代,653799
哈利·波特与密室,1296996,奇幻 / 冒险,8.9,克里斯·哥伦布,英国/美国,丹尼尔·雷德克里夫 / 艾玛·沃森 / 鲁伯特·格林特,21世纪00年代,849792
唐伯虎点秋香,1306249,喜剧 / 爱情 / 古装,8.7,李力持,中国香港,周星驰 / 巩俐 / 陈百祥,20世纪90年代,1157947
哈利·波特与阿兹卡班的囚徒,1291544,奇幻 / 冒险,9.0,阿方索·卡隆,英国/美国,丹尼尔·雷德克里夫 / 艾玛·沃森 / 鲁伯特·格林特,21世纪00年代,824138
功夫,1291543,动作 / 喜剧 / 犯罪 / 奇幻,8.9,周星驰,中国大陆/中国香港,周星驰 / 元秋 / 元华,21世纪00年代,1241223
喜剧之王,1302425,喜剧 / 剧情 / 爱情,8.8,周星驰 / 李力持,中国香港,周星驰 / 张柏芝 / 莫文蔚,20世纪90年代,1033894
猫鼠游戏,1305487,传记 / 犯罪 / 剧情,9.1,史蒂文·斯皮尔伯格,美国/加拿大,莱昂纳多·迪卡普里奥 / 汤姆·汉克斯 / 克里斯托弗·沃肯,21世纪00年代,1123959
彗星美人,1401385,剧情,8.7,约瑟夫·L·曼凯维奇,美国,贝蒂·戴维斯 / 安妮·巴克斯特 / 乔治·桑德斯,20世纪50年代,30647
凡尔杜先生,1294047,喜剧 / 犯罪 / 剧情,8.8,查理·卓别林,美国,查理·卓别林 / 马迪·科雷尔 / 艾莉森·罗丹,20世纪40年代,12131
红胡子,1296679,剧情,8.9,黑泽明,日本,三船敏郎 / 加山雄三 / 山崎努,20世纪60年代,18498
待客之道,1295211,喜剧 / 爱情 / 惊悚,8.6,约翰·布莱斯通 / 巴斯特·基顿,美国,巴斯特·基顿 / 娜塔莉·塔尔梅奇 / 乔·罗伯茨,20世纪20年代,7014
冬冬的假期,1299103,剧情 / 儿童,8.8,侯孝贤,中国台湾,梅芳 / 古军 / 王启光,20世纪80年代,34387
公民凯恩,1292288,剧情 / 悬疑,8.8,奥逊·威尔斯,美国,奥逊·威尔斯 / 约瑟夫·科顿 / 多萝西·康明戈尔,20世纪40年代,125648
日出,1295753,剧情 / 爱情,8.7,F·W·茂瑙,美国,乔治·奥布莱恩 / 珍妮·盖诺 / 玛格丽特·利文斯顿,20世纪20年代,18835
圣女贞德蒙难记,1293783,传记 / 犯罪 / 剧情 / 历史,8.7,卡尔·西奥多·德莱叶,法国,玛利亚·法奥康涅蒂 / 安德烈·贝利 / 莫里斯·舒茨,20世纪20年代,16455
后窗,1299080,悬疑 / 惊悚,8.7,阿尔弗雷德·希区柯克,美国,詹姆斯·斯图尔特 / 格蕾丝·凯利 / 温戴尔·柯瑞,20世纪50年代,219777
诗,3212965,剧情,8.7,李沧东,韩国/法国,尹静姬 / 李大卫 / 金熙罗,21世纪10年代,65122
石榴的颜色,1303542,剧情 / 传记 / 历史,8.7,谢尔盖·帕拉杰诺夫,苏联,索菲柯·齐阿乌列里 / 米尔克·阿尔克桑亚 / 维勒·加尔斯特亚,20世纪60年代,25914
雁南飞,1302077,剧情 / 爱情 / 战争,8.8,米哈伊尔·卡拉托佐夫,苏联,塔吉娅娜·萨莫依洛娃 / 阿列克谢·巴塔洛夫 / 瓦西里·梅尔库里耶夫,20世纪50年代,21020
影子部队,1466419,剧情 / 战争,8.5,让-皮埃尔·梅尔维尔,法国/意大利,利诺·文图拉 / 保罗·默里斯 / 让-皮埃尔·卡塞尔,20世纪60年代,10292
我出生了，但……,1299360,喜剧 / 剧情,8.7,小津安二郎,日本,斋藤达雄 / 青木富夫 / 吉川满子,20世纪30年代,6477
麻雀之歌,2138467,剧情,8.7,马基德·马基迪,伊朗,默罕默德·阿米尔·纳吉 / Hossein Aghazi / Maryam Akbari,21世纪00年代,8960
纽伦堡的审判,1292589,剧情 / 历史,9.1,斯坦利·克雷默,美国,斯宾塞·屈塞 / 伯特·兰卡斯特 / 理查德·威德马克,20世纪60年代,9799
杀手,1293936,犯罪 / 黑色电影 / 惊悚,8.6,斯坦利·库布里克,美国,斯特林·海登 / 柯琳·格蕾 / 文斯·爱德华兹,20世纪50年代,37478
梦,1299112,剧情 / 奇幻,8.7,黑泽明,日本/美国,寺尾聪 / 倍赏美津子 / 根岸季衣,20世纪90年代,68906
椿三十郎,1293310,剧情 / 喜剧 / 动作 / 犯罪 / 惊悚,8.8,黑泽明,日本,三船敏郎 / 仲代达矢 / 小林桂树,20世纪60年代,35604
女人步上楼梯时,1419479,剧情,9.1,成濑巳喜男,日本,高峰秀子 / 森雅之 / 团令子,20世纪60年代,23318
五至七时的克莱奥,1294565,喜剧 / 剧情 / 音乐,8.7,阿涅斯·瓦尔达,法国/意大利,科琳娜·马尔尚 / 安托万·布尔塞耶 / 多米妮克·达夫雷,20世纪60年代,29659
婚姻生活,1292981,剧情 / 爱情,9.0,英格玛·伯格曼,瑞典,丽芙·乌尔曼 / 厄兰·约瑟夫森 / 古内尔·林德布洛姆,20世纪70年代,29503
春天情书,1858233,剧情 / 爱情,8.6,森田芳光,日本,深津绘里 / 内野圣阳 / 户田菜穗,20世纪90年代,21736
金福南杀人事件始末,4826419,剧情 / 犯罪 / 惊悚,8.6,张哲洙,韩国,徐英姬 / 池成媛 / 朴政学,21世纪10年代,286386
望乡,1303073,剧情 / 历史 / 战争,8.8,熊井启,日本,栗原小卷 / 田中绢代 / 高桥洋子,20世纪70年代,13197
爱丽丝城市漫游记,1293306,剧情,8.6,维姆·文德斯,西德,吕迪格·福格勒 / 耶拉·罗特兰德尔 / 丽萨·克鲁泽,20世纪70年代,9313
圣山,1401905,奇幻 / 冒险,8.7,亚历桑德罗·佐杜洛夫斯基,墨西哥,亚历桑德罗·佐杜洛夫斯基 / 霍拉西奥·萨利纳斯 / Zamira Saunders,20世纪70年代,28579
亚当斯一家的价值观,1299900,喜剧 / 家庭 / 奇幻 / 惊悚,8.8,巴里·索南菲尔德,美国,克里斯蒂娜·里奇 / 琼·库萨克 / 劳尔·胡里亚,20世纪90年代,76447
生生长流,1303471,剧情 / 灾难,8.8,阿巴斯·基亚罗斯塔米,伊朗,法德哈·基德曼 / 布巴·巴尤尔· / 奥西纳·法赫,20世纪90年代,20578
天国王朝,1309071,剧情 / 历史 / 战争,8.6,雷德利·斯科特,英国/德国/西班牙/摩洛哥/美国/意大利/法国,奥兰多·布鲁姆 / 伊娃·格林 / 爱德华·诺顿,21世纪00年代,126909
热带鱼,1302181,喜剧 / 剧情,8.7,陈玉勋,中国台湾,林嘉宏 / 文英 / 林正盛,20世纪90年代,26044
开心家族,6019180,剧情 / 喜剧 / 家庭,8.6,金英卓,韩国,车太贤 / 高昌锡 / 张荣男,21世纪10年代,206581
撒旦探戈,1422088,剧情 / 悬疑,8.8,贝拉·塔尔,匈牙利/德国/瑞士,米哈伊·维格 / 普吉·霍瓦特 / 拉斯洛·费卢戈希,20世纪90年代,11320
交响情人梦,3335464,剧情,8.8,武内英樹,日本,上野樹里 / 玉木 宏,21世纪10年代,37475
共同警备区,1306664,剧情,8.9,朴赞郁,韩国,李英爱 / 李炳宪 / 宋康昊,21世纪00年代,135563
欢乐时光,26550176,剧情,8.7,滨口龙介,日本,田中幸惠 / 菊池叶月 / 三原麻衣子,21世纪10年代,15623
东邪西毒：终极版,3726072,剧情 / 动作 / 爱情,8.8,王家卫,中国香港/中国大陆/中国台湾,张国荣 / 林青霞 / 梁朝伟,21世纪00年代,213407
迷恋荷尔蒙,1773216,剧情 / 爱情 / 犯罪 / 同性,8.6,弗兰克·皮尔森,美国/加拿大,特洛伊·格雷提 / 李·佩斯 / 安德鲁·布劳尔,21世纪00年代,33636
罗马11时,1466243,剧情,9.1,朱塞佩·德桑蒂斯,意大利/法国,伊娃·瓦尼切克 / 卡拉·德尔波娇 / 马西莫·吉洛蒂,20世纪50年代,5950
其后,1294580,剧情,8.5,森田芳光,日本,松田优作 / 藤谷美和子 / 小林薰,20世纪80年代,9156
侠女,1306490,剧情 / 动作 / 武侠 / 古装,8.6,胡金铨,中国台湾/中国香港,徐枫 / 石隽 / 白鹰,20世纪70年代,37873
浮云,1298870,剧情 / 爱情,8.5,成濑巳喜男,日本,高峰秀子 / 森雅之 / 冈田茉莉子,20世纪50年代,12702
阿拉伯的劳伦斯,1292349,剧情 / 传记 / 冒险,8.7,大卫·里恩,英国,彼得·奥图尔 / 亚历克·吉尼斯 / 安东尼·奎恩,20世纪60年代,58193
怪谈,1303083,剧情 / 奇幻 / 恐怖,8.6,小林正树,日本,新珠三千代 / 渡边美佐子 / 三国连太郎,20世纪60年代,26916
天堂陌影,1303723,剧情 / 喜剧,8.5,吉姆·贾木许,美国/西德,约翰·劳瑞 / 伊斯特·伯林特 / 理查德·埃德森,20世纪80年代,18234
阿玛柯德,1298672,剧情 / 喜剧,8.7,费德里科·费里尼,意大利/法国,普佩拉·玛奇奥 / 阿尔曼多·布兰恰 / 玛加莉·诺埃尔,20世纪70年代,18654
红柿子,1303637,剧情 / 家庭,8.9,王童,中国台湾,陶述 / 石隽 / 张世,20世纪90年代,12452
摇滚芭比,1301926,剧情 / 喜剧 / 同性 / 音乐,8.7,约翰·卡梅隆·米切尔,美国,约翰·卡梅隆·米切尔 / 米利亚姆·肖尔 / 安德列·马丁,21世纪00年代,11160
纸月亮,1303357,喜剧 / 犯罪 / 剧情,8.5,彼得·博格丹诺维奇,美国,瑞安·奥尼尔 / 塔图姆·奥尼尔 / 玛德莲·卡恩,20世纪70年代,17985
紫色,1294503,剧情,8.7,史蒂文·斯皮尔伯格,美国,丹尼·格洛弗 / 乌比·戈德堡 / 玛格丽特·艾弗瑞,20世纪80年代,38301
机器管家,1292529,剧情 / 喜剧 / 科幻,8.6,克里斯·哥伦布,美国/德国,罗宾·威廉姆斯 / 艾伯丝·戴维兹 / 山姆·尼尔,20世纪90年代,111261
自由作家,1945253,传记 / 犯罪 / 剧情,8.6,理查德·拉·格拉文斯,美国/德国,希拉里·斯万克 / 帕特里克·德姆西 / 斯科特·格伦,21世纪00年代,29375
鹳鸟踟蹰,1302789,剧情 / 爱情,8.7,西奥·安哲罗普洛斯,法国/意大利/希腊/瑞士,马塞洛·马斯楚安尼 / 让娜·莫罗,20世纪90年代,11036
袁隆平,3737287,剧情 / 传记,9.0,史凤和,中国大陆,果靖霖 / 徐筠 / 袁隆平,21世纪00年代,10995
杰伊·比姆,35652715,剧情 / 犯罪,8.7,塔·塞·纳纳维尔,印度,苏利耶·西瓦库马 / Lijo Mol Jose / Manikandan,21世纪20年代,67279
西力传,1293846,喜剧 / 奇幻,8.9,伍迪·艾伦,美国,伍迪·艾伦 / 米娅·法罗 / 帕特里克霍根,20世纪80年代,34141
血战台儿庄,1307201,历史 / 战争,8.7,杨光远 / 翟俊杰,中国大陆,邵宏来 / 初国梁 / 江化霖,20世纪80年代,15475
宿敌,35882880,剧情 / 犯罪 / 悬疑,8.5,Dijo Jose Antony,印度,普利特维拉吉·苏库玛兰 / 玛玛塔·莫汉达斯 / Vincy Aloshious,21世纪20年代,51421
我的舅舅,1400829,喜剧,8.5,雅克·塔蒂,意大利/法国,让·皮埃尔·佐拉 / Adrienne Servantie / 吕西安·弗雷吉斯,20世纪50年代,22834
安妮·霍尔,1296987,喜剧 / 剧情 / 爱情,8.6,伍迪·艾伦,美国,伍迪·艾伦 / 黛安·基顿 / 托尼·罗伯茨,20世纪70年代,124322
精武英雄,1292895,动作 / 剧情,8.7,陈嘉上,中国香港/中国大陆,李连杰 / 中山忍 / 钱小豪,20世纪90年代,156942
马路天使,1307708,剧情 / 喜剧,8.6,袁牧之,中国大陆,周璇 / 赵丹 / 魏鹤龄,20世纪30年代,32244
莫里斯,1293456,剧情 / 爱情 / 同性,8.8,詹姆斯·伊沃里,英国,詹姆斯·维尔比 / 休·格兰特 / 鲁珀特·格雷夫斯,20世纪80年代,95406
让娜·迪尔曼,1868933,剧情,8.9,香特尔·阿克曼,比利时/法国,德菲因·塞里格 / 亨利.斯多克 / 雅克·多尼奥-瓦克罗兹,20世纪70年代,14017
战争子午线,1464535,剧情 / 战争,8.8,冯小宁,中国大陆,富大龙 / 沈丹萍 / 江韵辉,20世纪90年代,7246
色，戒,1828115,剧情 / 爱情 / 情色,8.7,李安,中国台湾/中国大陆/美国/中国香港,梁朝伟 / 汤唯 / 陈冲,21世纪00年代,895484
椒麻堂会,27305997,剧情,8.6,邱炯炯,中国香港/法国,易思成 / 陈浩宇 / 关南,21世纪20年代,68325
处女泉,1293156,犯罪 / 剧情,8.6,英格玛·伯格曼,瑞典,马克斯·冯·叙多夫 / 贝吉塔·瓦尔堡 / 古内尔·林德布洛姆,20世纪60年代,47718
在西伯利亚森林中,26682565,冒险,8.7,萨菲·奈布,法国,拉斐尔·佩尔索纳 / Evgeniy Sidikhin,21世纪10年代,30451
乐土,35870056,剧情 / 同性,8.6,塞姆·萨迪克,巴基斯坦/美国,阿利·朱尼乔 / 拉斯蒂·法鲁克 / 阿丽娜·汗,21世纪20年代,36132
时时刻刻,1305666,剧情,8.7,史蒂芬·戴德利,美国/英国,梅丽尔·斯特里普 / 朱丽安·摩尔 / 妮可·基德曼,21世纪00年代,190891
阳光普照,30292777,剧情 / 犯罪 / 家庭,8.6,钟孟宏,中国台湾,陈以文 / 柯淑勤 / 巫建和,21世纪10年代,391034
安东尼娅家族,1296482,剧情 / 喜剧,8.9,玛琳·格里斯,荷兰/比利时/英国,维勒克·范阿梅尔罗伊 / 埃尔斯·多特曼斯 / 多拉·范·德·格伦,20世纪90年代,11929
旅行,1417911,剧情,8.8,费尔南多·索拉纳斯,阿根廷/法国/德国/意大利/日本/墨西哥/西班牙/英国,沃尔特·奎罗斯 / 安吉拉·科雷亚 / 多米妮克·桑达,20世纪90年代,7597
奥本海默,35593344,剧情 / 传记 / 历史,8.8,克里斯托弗·诺兰,美国/英国,基里安·墨菲 / 艾米莉·布朗特 / 马特·达蒙,21世纪20年代,759335
自己去看,1422186,剧情 / 战争,8.7,依莱姆·克里莫夫,苏联,阿列克谢·克拉夫琴科 / 奥尔加·米罗诺娃 / 柳博米拉斯·劳恰维丘斯,20世纪80年代,19784
怪物,35797709,剧情,8.6,是枝裕和,日本,安藤樱 / 永山瑛太 / 黑川想矢,21世纪20年代,208563
薄荷糖,1303145,剧情,8.6,李沧东,韩国/日本,薛景求 / 文素利 / 金汝珍,20世纪90年代,99415
小武,1291851,剧情,8.6,贾樟柯,中国香港/中国大陆,王宏伟 / 郝鸿建 / 左夏初,20世纪90年代,155000
自由的幻影,1297188,喜剧 / 剧情,8.5,路易斯·布努艾尔,法国/意大利,阿德里娅娜·阿斯蒂 / 朱利安·贝尔托 / 让-克洛德·布里亚利,20世纪70年代,18376
妇女参政论者,25821498,剧情 / 传记 / 历史,9.0,莎拉·加芙隆,英国,凯瑞·穆里根 / 海伦娜·伯翰·卡特 / 布莱丹·格里森,21世纪10年代,60317
白日梦想家,2133323,剧情 / 喜剧 / 冒险,8.6,本·斯蒂勒,美国/英国,本·斯蒂勒 / 克里斯汀·韦格 / 亚当·斯科特,21世纪10年代,575876
夺命剑,1300738,剧情,9.0,小林正树,日本,三船敏郎 / 司叶子 / 加藤刚,20世纪60年代,12258
小巷名流,2004547,剧情,8.9,从连文,中国大陆,葛建军 / 任伟民 / 孙才华,20世纪80年代,5371
首尔之春,35712804,剧情,8.8,金成洙,韩国,黄政民 / 郑雨盛 / 李星民,21世纪20年代,225417
假如我是真的,1307971,剧情,8.7,王童,中国台湾,谭咏麟 / 胡冠珍 / 崔福生,20世纪80年代,11452
疯狂的小镇,1297795,剧情,8.9,王凤奎,中国大陆,赵登峰 / 刘廷尧 / 李廷栋,20世纪80年代,13776
荒唐事件,11584063,剧情 / 喜剧,8.8,李新,中国大陆,赵有亮 / 管宗祥 / 张天喜,20世纪90年代,6745
龙种,1294532,剧情 / 历史 / 战争,8.6,哈罗德·S.巴奎特 / 杰克·康威,美国,凯瑟琳·赫本 / 沃尔特·休斯顿 / 艾琳·麦克马洪,20世纪40年代,5012
坠落的审判,35633650,剧情 / 家庭,8.7,茹斯汀·特里耶,法国,桑德拉·惠勒 / 斯万·阿劳德 / 米洛·马查多·格拉纳,21世纪20年代,352368
还有明天,36445098,剧情,9.0,宝拉·柯特莱西,意大利,宝拉·柯特莱西 / 瓦莱里奥·马斯坦德雷亚 / 罗马纳·马乔拉·韦尔加诺,21世纪20年代,23367
生命是个奇迹,1416895,剧情 / 喜剧 / 爱情 / 战争,8.6,埃米尔·库斯图里卡,塞尔维亚/法国/意大利,斯拉夫科·斯提马科 / 娜塔莎·塔普什科维奇 / 乌克·科斯蒂奇,21世纪00年代,10894
黑炮事件,1434269,剧情 / 喜剧,8.7,黄建新,中国大陆,刘子枫 / 盖尔哈德·奥尔谢夫斯基 / 高明,20世纪80年代,53851
泳者之心,26656728,剧情 / 传记 / 运动,9.0,乔阿吉姆·罗恩尼,美国,黛西·雷德利 / 蒂尔达·格哈姆-哈维 / 斯蒂芬·格拉汉姆,21世纪20年代,122245
东方快车谋杀案,1292699,剧情 / 犯罪 / 悬疑,8.6,西德尼·吕美特,英国,阿尔伯特·芬尼 / 劳伦·白考尔 / 马丁·鲍尔萨姆,20世纪70年代,167003
风烛泪,1296097,剧情,8.6,维托里奥·德西卡,意大利,卡洛·巴蒂斯蒂 / 玛丽亚-皮娅·卡西利奥 / 丽娜·甄纳里,20世纪50年代,8077
姥姥的外孙,36328210,剧情,8.8,帕特·波尼蒂帕特,泰国,普提蓬·阿萨拉塔纳功 / 乌萨·萨梅坎姆 / 莎琳拉·托马斯,21世纪20年代,225197
因果报应,36934908,动作 / 犯罪 / 悬疑,8.6,尼蒂兰·萨米纳坦,印度,维杰·西图帕提 / 阿努拉格·卡施亚普 / 玛玛塔·莫汉达斯,21世纪20年代,201245
出走的决心,36587974,剧情 / 家庭,8.8,尹丽川 ,中国大陆,咏梅 / 姜武 / 吴倩,21世纪20年代,213413
好东西,36154853,剧情 / 爱情,9.1,邵艺辉,中国大陆,宋佳 / 钟楚曦 / 曾慕梅,21世纪20年代,510568
